{"stats":{"minecraft:mined":{"minecraft:skeleton_skull":1,"minecraft:fire":5,"minecraft:spruce_log":21,"minecraft:dandelion":1,"minecraft:wither_rose":1,"minecraft:grass":3,"biomesoplenty:bush":6,"minecraft:skeleton_wall_skull":1,"crittersandcompanions:silk_cocoon":1,"minecraft:dirt":1,"minecraft:oak_leaves":1},"minecraft:killed":{"minecraft:sheep":5,"minecraft:pig":1,"alexsmobs:fly":1},"minecraft:used":{"minecraft:dirt":1,"minecraft:mutton":5,"minecraft:oak_sapling":1,"minecraft:skeleton_skull":1,"alexsmobs:animal_dictionary":1,"minecraft:dandelion":1,"minecraft:spruce_log":9},"minecraft:custom":{"minecraft:time_since_rest":2891,"minecraft:sprint_one_cm":106815,"minecraft:damage_taken":965,"minecraft:walk_one_cm":98373,"minecraft:trigger_trapped_chest":1,"minecraft:mob_kills":7,"minecraft:drop":4,"minecraft:damage_dealt":564,"minecraft:swim_one_cm":14583,"minecraft:fly_one_cm":68344,"minecraft:crouch_one_cm":870,"minecraft:play_time":26712,"minecraft:deaths":3,"minecraft:sneak_time":273,"minecraft:walk_under_water_one_cm":6264,"minecraft:jump":444,"minecraft:leave_game":1,"minecraft:time_since_death":2863,"minecraft:walk_on_water_one_cm":8520,"minecraft:total_world_time":26712,"minecraft:fall_one_cm":12666},"minecraft:dropped":{"alexsmobs:animal_dictionary":1,"crittersandcompanions:silk":3},"minecraft:picked_up":{"minecraft:brown_wool":1,"minecraft:dandelion":1,"minecraft:wither_rose":1,"minecraft:porkchop":3,"minecraft:spruce_sapling":1,"minecraft:spruce_log":21,"minecraft:spider_eye":2,"minecraft:dirt":1,"minecraft:bone":2,"crittersandcompanions:silk":3,"minecraft:gray_wool":1,"minecraft:oak_sapling":1,"minecraft:mutton":10,"minecraft:skeleton_skull":2,"minecraft:white_wool":3}},"DataVersion":3465}