{"stats":{"minecraft:mined":{"minecraft:spruce_planks":7,"minecraft:dandelion":1,"biomesoplenty:bush":6,"minecraft:grass_block":5,"minecraft:melon":4,"minecraft:chest":4,"galosphere:silver_ore":13,"minecraft:oak_planks":2,"minecraft:blue_bed":1,"minecraft:wall_torch":3,"minecraft:skeleton_skull":1,"minecraft:spruce_stairs":1,"minecraft:coarse_dirt":1,"minecraft:birch_log":6,"minecraft:fire":59,"minecraft:spruce_log":21,"minecraft:birch_leaves":6,"minecraft:wither_rose":1,"minecraft:grass":7,"minecraft:coal_ore":35,"minecraft:skeleton_wall_skull":1,"minecraft:oak_log":4,"minecraft:vine":1,"minecraft:gravel":1,"crittersandcompanions:silk_cocoon":1,"minecraft:dirt":9,"minecraft:sand":1,"minecraft:stone":87,"minecraft:player_head":1,"minecraft:oak_leaves":1},"minecraft:killed":{"minecraft:pig":1,"minecraft:vindicator":6,"minecraft:sheep":6,"iceandfire:ghost":1,"alexsmobs:fly":1},"minecraft:used":{"minecraft:water_bucket":9,"minecraft:iron_shovel":2,"minecraft:spruce_door":1,"minecraft:flint_and_steel":20,"minecraft:oak_planks":11,"minecraft:chest":4,"minecraft:spruce_planks":4,"minecraft:birch_boat":1,"minecraft:blue_bed":1,"minecraft:player_head":2,"minecraft:torch":10,"minecraft:dirt":9,"minecraft:sand":1,"minecraft:mutton":6,"minecraft:crafting_table":2,"minecraft:spruce_stairs":1,"minecraft:spruce_log":10,"minecraft:iron_pickaxe":137,"minecraft:melon_slice":14,"minecraft:birch_sapling":1,"minecraft:gravel":1,"minecraft:cobblestone":31,"minecraft:oak_sapling":1,"minecraft:furnace":1,"minecraft:porkchop":2,"minecraft:bucket":10,"minecraft:skeleton_skull":2,"alexsmobs:animal_dictionary":1,"minecraft:dandelion":1},"minecraft:crafted":{"minecraft:oak_planks":16,"minecraft:crafting_table":2,"minecraft:birch_boat":1,"minecraft:iron_sword":1,"minecraft:furnace":1,"minecraft:birch_planks":12,"minecraft:cooked_mutton":1,"minecraft:air":0,"minecraft:stick":8,"minecraft:iron_pickaxe":1,"minecraft:iron_shovel":1,"minecraft:torch":12},"minecraft:custom":{"minecraft:interact_with_furnace":2,"minecraft:mob_kills":17,"minecraft:interact_with_crafting_table":10,"minecraft:open_barrel":26,"minecraft:leave_game":2,"minecraft:time_since_death":12179,"minecraft:sleep_in_bed":1,"minecraft:time_since_rest":11749,"minecraft:sprint_one_cm":239605,"minecraft:damage_taken":6474,"minecraft:walk_one_cm":177770,"minecraft:trigger_trapped_chest":3,"minecraft:drop":4,"minecraft:damage_dealt":4309,"minecraft:swim_one_cm":116224,"minecraft:fly_one_cm":253909,"minecraft:open_chest":14,"minecraft:crouch_one_cm":4399,"minecraft:play_time":98248,"minecraft:deaths":21,"minecraft:sneak_time":4788,"minecraft:walk_under_water_one_cm":38937,"minecraft:boat_one_cm":129645,"minecraft:jump":1530,"minecraft:walk_on_water_one_cm":65071,"minecraft:total_world_time":98248,"minecraft:fall_one_cm":41026},"minecraft:dropped":{"alexsmobs:animal_dictionary":1,"crittersandcompanions:silk":3},"minecraft:picked_up":{"minecraft:birch_log":6,"minecraft:brown_wool":2,"minecraft:wither_rose":1,"minecraft:oak_log":4,"minecraft:blue_bed":1,"minecraft:dirt":14,"minecraft:bone":2,"minecraft:wheat_seeds":1,"minecraft:spruce_planks":6,"minecraft:cobweb":6,"minecraft:player_head":2,"galosphere:raw_silver":13,"minecraft:oak_planks":2,"minecraft:melon_slice":16,"minecraft:chest":4,"minecraft:birch_sapling":1,"minecraft:stick":1,"minecraft:torch":3,"minecraft:dandelion":1,"minecraft:gravel":1,"minecraft:spruce_stairs":3,"minecraft:porkchop":3,"minecraft:sand":1,"minecraft:spruce_sapling":1,"minecraft:spruce_log":21,"minecraft:blue_carpet":1,"minecraft:spider_eye":2,"minecraft:spruce_door":1,"minecraft:chainmail_leggings":1,"crittersandcompanions:silk":3,"minecraft:gray_wool":1,"minecraft:emerald":3,"minecraft:oak_sapling":1,"minecraft:mutton":11,"minecraft:coal":35,"minecraft:skeleton_skull":2,"minecraft:white_wool":3,"minecraft:cobblestone":85}},"DataVersion":3465}