{"stats":{"minecraft:mined":{"minecraft:spruce_planks":7,"minecraft:oak_sapling":3,"biomesoplenty:bush":6,"minecraft:grass_block":7,"minecraft:oxeye_daisy":2,"minecraft:furnace":2,"minecraft:fire":61,"minecraft:skeleton_wall_skull":1,"minecraft:vine":1,"crittersandcompanions:silk_cocoon":1,"minecraft:stone":89,"minecraft:player_head":1,"minecraft:dandelion":2,"minecraft:crafting_table":2,"minecraft:torch":3,"minecraft:melon":4,"minecraft:chest":4,"galosphere:silver_ore":13,"minecraft:oak_planks":2,"minecraft:wall_torch":3,"minecraft:blue_bed":10,"minecraft:skeleton_skull":1,"minecraft:spruce_stairs":1,"minecraft:birch_planks":21,"minecraft:coarse_dirt":1,"minecraft:birch_log":20,"minecraft:spruce_log":21,"minecraft:birch_leaves":7,"minecraft:wither_rose":2,"minecraft:grass":45,"minecraft:oak_log":4,"minecraft:coal_ore":35,"minecraft:gravel":1,"minecraft:sand":1,"minecraft:dirt":13,"minecraft:cobweb":1,"minecraft:oak_leaves":1},"minecraft:killed":{"minecraft:vindicator":6,"minecraft:spider":4,"minecraft:skeleton":1,"minecraft:pig":6,"minecraft:zombie_villager":1,"minecraft:sheep":6,"minecraft:zombie":2,"iceandfire:ghost":6,"alexsmobs:fly":1},"minecraft:used":{"minecraft:iron_shovel":9,"minecraft:flint_and_steel":20,"minecraft:spruce_planks":4,"minecraft:chest":4,"minecraft:iron_sword":78,"minecraft:player_head":2,"minecraft:torch":15,"minecraft:dirt":17,"minecraft:mutton":6,"minecraft:spruce_stairs":1,"minecraft:birch_sapling":2,"minecraft:furnace":2,"minecraft:oak_sapling":49,"minecraft:skeleton_skull":2,"minecraft:egg":6,"minecraft:cooked_mutton":4,"minecraft:water_bucket":10,"minecraft:spruce_door":1,"minecraft:birch_planks":29,"minecraft:oak_planks":11,"minecraft:birch_boat":5,"minecraft:blue_bed":11,"minecraft:sand":1,"minecraft:crafting_table":6,"minecraft:white_bed":1,"iceandfire:silver_axe":21,"minecraft:spruce_log":15,"minecraft:apple":3,"minecraft:oxeye_daisy":1,"minecraft:melon_slice":15,"minecraft:iron_pickaxe":143,"minecraft:spruce_sapling":1,"minecraft:gravel":1,"minecraft:blue_carpet":1,"minecraft:cobblestone":39,"minecraft:porkchop":7,"minecraft:bucket":11,"minecraft:birch_log":1,"alexsmobs:animal_dictionary":1,"minecraft:wither_rose":1,"minecraft:dandelion":2},"minecraft:custom":{"minecraft:mob_kills":37,"minecraft:interact_with_crafting_table":18,"minecraft:open_barrel":26,"minecraft:leave_game":3,"minecraft:time_since_death":4315,"minecraft:climb_one_cm":12,"minecraft:sprint_one_cm":492722,"minecraft:walk_one_cm":289438,"minecraft:drop":21,"minecraft:play_time":169146,"minecraft:deaths":44,"minecraft:sneak_time":5320,"minecraft:walk_under_water_one_cm":67617,"minecraft:boat_one_cm":535298,"minecraft:jump":2471,"minecraft:walk_on_water_one_cm":102482,"minecraft:total_world_time":169146,"minecraft:interact_with_furnace":13,"minecraft:sleep_in_bed":7,"minecraft:time_since_rest":4340,"minecraft:damage_taken":12918,"minecraft:trigger_trapped_chest":3,"minecraft:damage_dealt":9088,"minecraft:fly_one_cm":454849,"minecraft:swim_one_cm":172507,"minecraft:open_chest":14,"minecraft:crouch_one_cm":5252,"minecraft:fall_one_cm":71301},"minecraft:crafted":{"minecraft:oak_planks":16,"minecraft:birch_boat":4,"minecraft:furnace":1,"minecraft:cooked_mutton":4,"galosphere:silver_ingot":13,"iceandfire:silver_axe":1,"minecraft:crafting_table":5,"minecraft:iron_sword":1,"minecraft:birch_planks":64,"minecraft:air":0,"minecraft:charcoal":1,"minecraft:stick":8,"minecraft:iron_pickaxe":1,"minecraft:iron_shovel":1,"minecraft:white_bed":1,"minecraft:torch":12},"minecraft:dropped":{"minecraft:wheat_seeds":21,"minecraft:copper_ingot":2,"minecraft:cobweb":2,"minecraft:dirt":1,"minecraft:gold_nugget":8,"minecraft:string":4,"minecraft:blue_carpet":1,"minecraft:bone":4,"alexsmobs:animal_dictionary":1,"minecraft:rotten_flesh":5,"crittersandcompanions:silk":3,"minecraft:gunpowder":17},"minecraft:killed_by":{"minecraft:drowned":1},"minecraft:picked_up":{"minecraft:charcoal":4,"minecraft:iron_chestplate":1,"minecraft:crafting_table":1,"minecraft:wither_rose":2,"minecraft:string":4,"minecraft:spruce_planks":6,"minecraft:player_head":2,"minecraft:melon_slice":16,"minecraft:chest":4,"minecraft:birch_sapling":2,"minecraft:furnace":2,"minecraft:egg":7,"minecraft:stick":36,"minecraft:torch":6,"minecraft:spruce_stairs":3,"minecraft:porkchop":13,"minecraft:blue_carpet":2,"minecraft:rotten_flesh":5,"crittersandcompanions:silk":3,"minecraft:mutton":11,"minecraft:skeleton_skull":2,"minecraft:white_wool":3,"minecraft:cobblestone":95,"minecraft:oxeye_daisy":1,"minecraft:birch_log":20,"minecraft:brown_wool":2,"minecraft:birch_planks":21,"minecraft:oak_log":5,"iceandfire:ectoplasm":1,"minecraft:dirt":23,"minecraft:blue_bed":11,"minecraft:bone":5,"minecraft:apple":4,"minecraft:wheat_seeds":21,"minecraft:cobweb":6,"galosphere:raw_silver":13,"minecraft:oak_planks":2,"minecraft:iron_sword":2,"minecraft:birch_boat":2,"minecraft:dandelion":2,"minecraft:gravel":1,"minecraft:sand":1,"minecraft:spruce_sapling":1,"minecraft:ink_sac":1,"minecraft:spruce_log":21,"minecraft:spruce_door":1,"minecraft:spider_eye":2,"minecraft:chainmail_leggings":1,"minecraft:gray_wool":1,"minecraft:emerald":3,"minecraft:oak_sapling":49,"minecraft:coal":35},"minecraft:broken":{"minecraft:chainmail_helmet":1}},"DataVersion":3465}