{"stats":{"minecraft:mined":{"minecraft:spruce_planks":7,"minecraft:oak_sapling":3,"minecraft:dandelion":2,"minecraft:crafting_table":1,"minecraft:torch":2,"biomesoplenty:bush":6,"minecraft:grass_block":7,"minecraft:melon":4,"minecraft:chest":4,"galosphere:silver_ore":13,"minecraft:oxeye_daisy":2,"minecraft:oak_planks":2,"minecraft:blue_bed":9,"minecraft:wall_torch":3,"minecraft:skeleton_skull":1,"minecraft:spruce_stairs":1,"minecraft:birch_planks":3,"minecraft:coarse_dirt":1,"minecraft:furnace":1,"minecraft:birch_log":20,"minecraft:fire":61,"minecraft:spruce_log":21,"minecraft:birch_leaves":7,"minecraft:wither_rose":2,"minecraft:grass":44,"minecraft:coal_ore":35,"minecraft:skeleton_wall_skull":1,"minecraft:oak_log":4,"minecraft:vine":1,"minecraft:cobweb":1,"minecraft:gravel":1,"crittersandcompanions:silk_cocoon":1,"minecraft:dirt":13,"minecraft:sand":1,"minecraft:stone":89,"minecraft:player_head":1,"minecraft:oak_leaves":1},"minecraft:killed":{"minecraft:pig":6,"minecraft:zombie_villager":1,"minecraft:spider":2,"minecraft:vindicator":6,"minecraft:sheep":6,"minecraft:skeleton":1,"minecraft:zombie":2,"iceandfire:ghost":6,"alexsmobs:fly":1},"minecraft:used":{"minecraft:cooked_mutton":1,"minecraft:water_bucket":10,"minecraft:iron_shovel":5,"minecraft:spruce_door":1,"minecraft:flint_and_steel":20,"minecraft:birch_planks":29,"minecraft:oak_planks":11,"minecraft:chest":4,"minecraft:spruce_planks":4,"minecraft:birch_boat":4,"minecraft:iron_sword":68,"minecraft:blue_bed":10,"minecraft:player_head":2,"minecraft:torch":14,"minecraft:dirt":17,"minecraft:sand":1,"minecraft:mutton":6,"minecraft:crafting_table":4,"minecraft:spruce_stairs":1,"minecraft:spruce_log":15,"minecraft:apple":3,"minecraft:oxeye_daisy":1,"minecraft:iron_pickaxe":142,"minecraft:melon_slice":15,"minecraft:birch_sapling":2,"minecraft:spruce_sapling":1,"minecraft:gravel":1,"minecraft:blue_carpet":1,"minecraft:cobblestone":39,"minecraft:oak_sapling":30,"minecraft:furnace":2,"minecraft:porkchop":7,"minecraft:egg":5,"minecraft:birch_log":1,"minecraft:bucket":11,"minecraft:wither_rose":1,"minecraft:skeleton_skull":2,"alexsmobs:animal_dictionary":1,"minecraft:dandelion":2},"minecraft:crafted":{"minecraft:oak_planks":16,"minecraft:crafting_table":4,"minecraft:birch_boat":4,"minecraft:iron_sword":1,"minecraft:furnace":1,"minecraft:birch_planks":64,"minecraft:cooked_mutton":1,"minecraft:air":0,"minecraft:stick":8,"minecraft:iron_pickaxe":1,"minecraft:iron_shovel":1,"minecraft:torch":12},"minecraft:custom":{"minecraft:interact_with_furnace":5,"minecraft:mob_kills":35,"minecraft:interact_with_crafting_table":14,"minecraft:open_barrel":26,"minecraft:leave_game":2,"minecraft:time_since_death":8759,"minecraft:climb_one_cm":12,"minecraft:sleep_in_bed":6,"minecraft:time_since_rest":8783,"minecraft:sprint_one_cm":469350,"minecraft:damage_taken":12632,"minecraft:walk_one_cm":275339,"minecraft:trigger_trapped_chest":3,"minecraft:drop":15,"minecraft:damage_dealt":8498,"minecraft:swim_one_cm":172507,"minecraft:fly_one_cm":448234,"minecraft:open_chest":14,"minecraft:crouch_one_cm":5252,"minecraft:play_time":158248,"minecraft:deaths":43,"minecraft:sneak_time":5320,"minecraft:walk_under_water_one_cm":67525,"minecraft:boat_one_cm":432996,"minecraft:jump":2437,"minecraft:walk_on_water_one_cm":100012,"minecraft:total_world_time":158248,"minecraft:fall_one_cm":70256},"minecraft:dropped":{"minecraft:wheat_seeds":20,"alexsmobs:animal_dictionary":1,"crittersandcompanions:silk":3,"minecraft:cobweb":2,"minecraft:dirt":1,"minecraft:gunpowder":17,"minecraft:blue_carpet":1,"minecraft:string":2,"minecraft:bone":4},"minecraft:killed_by":{"minecraft:drowned":1},"minecraft:picked_up":{"minecraft:birch_log":20,"minecraft:crafting_table":1,"minecraft:charcoal":2,"minecraft:iron_chestplate":1,"minecraft:brown_wool":2,"minecraft:birch_planks":3,"minecraft:wither_rose":2,"iceandfire:ectoplasm":1,"minecraft:oak_log":5,"minecraft:string":2,"minecraft:blue_bed":10,"minecraft:dirt":23,"minecraft:bone":5,"minecraft:apple":4,"minecraft:wheat_seeds":20,"minecraft:spruce_planks":6,"minecraft:cobweb":6,"minecraft:iron_sword":2,"minecraft:player_head":2,"galosphere:raw_silver":13,"minecraft:oak_planks":2,"minecraft:melon_slice":16,"minecraft:chest":4,"minecraft:birch_sapling":2,"minecraft:egg":6,"minecraft:furnace":1,"minecraft:stick":36,"minecraft:torch":5,"minecraft:dandelion":2,"minecraft:gravel":1,"minecraft:spruce_stairs":3,"minecraft:porkchop":13,"minecraft:sand":1,"minecraft:spruce_sapling":1,"minecraft:spruce_log":21,"minecraft:blue_carpet":2,"minecraft:spider_eye":2,"minecraft:spruce_door":1,"minecraft:rotten_flesh":5,"minecraft:chainmail_leggings":1,"crittersandcompanions:silk":3,"minecraft:gray_wool":1,"minecraft:emerald":3,"minecraft:oak_sapling":48,"minecraft:mutton":11,"minecraft:coal":35,"minecraft:skeleton_skull":2,"minecraft:white_wool":3,"minecraft:cobblestone":95,"minecraft:oxeye_daisy":1}},"DataVersion":3465}