{"stats":{"minecraft:custom":{"minecraft:mob_kills":46,"minecraft:interact_with_crafting_table":22,"minecraft:open_barrel":29,"minecraft:leave_game":3,"minecraft:time_since_death":49,"minecraft:climb_one_cm":9819,"minecraft:sprint_one_cm":655745,"minecraft:walk_one_cm":331587,"minecraft:drop":22,"minecraft:talked_to_villager":7,"minecraft:play_time":210508,"minecraft:deaths":48,"minecraft:sneak_time":6086,"minecraft:walk_under_water_one_cm":115806,"minecraft:boat_one_cm":693602,"minecraft:jump":3020,"minecraft:walk_on_water_one_cm":127813,"minecraft:total_world_time":210508,"minecraft:interact_with_furnace":22,"minecraft:traded_with_villager":1,"minecraft:sleep_in_bed":10,"minecraft:waystone_activated":3,"minecraft:time_since_rest":74,"minecraft:damage_taken":14491,"minecraft:trigger_trapped_chest":3,"minecraft:damage_dealt":10574,"minecraft:swim_one_cm":243276,"minecraft:fly_one_cm":567563,"minecraft:open_chest":23,"minecraft:crouch_one_cm":6491,"minecraft:fall_one_cm":86811},"minecraft:dropped":{"minecraft:wheat_seeds":21,"minecraft:copper_ingot":2,"minecraft:cobweb":2,"minecraft:dirt":1,"minecraft:gold_nugget":8,"minecraft:iron_pickaxe":1,"minecraft:string":4,"minecraft:blue_carpet":1,"minecraft:bone":4,"alexsmobs:animal_dictionary":1,"minecraft:rotten_flesh":5,"crittersandcompanions:silk":3,"minecraft:gunpowder":17},"minecraft:crafted":{"minecraft:oak_planks":16,"minecraft:birch_boat":4,"minecraft:furnace":2,"minecraft:cooked_mutton":4,"minecraft:iron_boots":1,"galosphere:silver_ingot":13,"iceandfire:silver_axe":1,"minecraft:cooked_porkchop":9,"minecraft:crafting_table":7,"minecraft:iron_sword":1,"minecraft:birch_planks":64,"minecraft:bread":6,"minecraft:air":0,"minecraft:charcoal":1,"minecraft:stick":8,"minecraft:iron_pickaxe":1,"minecraft:iron_shovel":1,"minecraft:white_bed":1,"iceandfire:silver_pickaxe":1,"minecraft:torch":12},"minecraft:killed_by":{"minecraft:drowned":1},"minecraft:mined":{"minecraft:spruce_planks":7,"minecraft:white_bed":2,"minecraft:oak_sapling":3,"cataclysm:stone_tiles":2,"biomesoplenty:bush":6,"minecraft:grass_block":7,"minecraft:spruce_leaves":6,"minecraft:oxeye_daisy":2,"minecraft:furnace":4,"minecraft:fire":77,"minecraft:skeleton_wall_skull":1,"minecraft:vine":1,"crittersandcompanions:silk_cocoon":1,"minecraft:azalea_leaves":3,"minecraft:stone":89,"minecraft:player_head":1,"minecraft:dandelion":2,"minecraft:crafting_table":3,"minecraft:torch":3,"minecraft:melon":4,"minecraft:chest":4,"galosphere:silver_ore":13,"minecraft:oak_planks":2,"minecraft:blue_bed":10,"minecraft:wall_torch":3,"minecraft:skeleton_skull":1,"minecraft:spruce_stairs":1,"minecraft:birch_planks":23,"minecraft:coarse_dirt":1,"minecraft:birch_log":20,"minecraft:spruce_log":21,"minecraft:birch_leaves":7,"minecraft:wither_rose":2,"minecraft:grass":45,"minecraft:oak_log":4,"minecraft:coal_ore":35,"minecraft:gravel":1,"minecraft:sand":1,"minecraft:dirt":13,"minecraft:cobweb":1,"minecraft:oak_leaves":1},"minecraft:picked_up":{"minecraft:charcoal":5,"minecraft:iron_chestplate":1,"minecraft:crafting_table":2,"minecraft:wither_rose":2,"minecraft:string":4,"minecraft:spruce_planks":6,"minecraft:beef":6,"minecraft:player_head":2,"minecraft:azalea":1,"minecraft:melon_slice":16,"minecraft:chest":4,"minecraft:birch_sapling":2,"minecraft:egg":7,"minecraft:furnace":4,"minecraft:stick":36,"minecraft:torch":7,"minecraft:spruce_stairs":3,"minecraft:porkchop":16,"minecraft:blue_carpet":2,"minecraft:rotten_flesh":5,"crittersandcompanions:silk":3,"minecraft:mutton":11,"minecraft:skeleton_skull":2,"minecraft:white_wool":3,"minecraft:cobblestone":95,"minecraft:oxeye_daisy":1,"minecraft:birch_log":20,"minecraft:leather":4,"minecraft:brown_wool":2,"minecraft:birch_planks":23,"minecraft:oak_log":5,"iceandfire:ectoplasm":1,"minecraft:blue_bed":11,"minecraft:dirt":23,"minecraft:bone":7,"minecraft:apple":4,"minecraft:wheat_seeds":21,"minecraft:cobweb":6,"galosphere:raw_silver":13,"minecraft:oak_planks":2,"minecraft:iron_sword":2,"minecraft:birch_boat":3,"minecraft:dandelion":2,"minecraft:gravel":1,"minecraft:sand":1,"minecraft:spruce_sapling":1,"minecraft:ink_sac":3,"minecraft:white_bed":2,"minecraft:spruce_log":21,"minecraft:spider_eye":2,"minecraft:spruce_door":1,"cataclysm:stone_tiles":2,"minecraft:pumpkin_seeds":5,"minecraft:chainmail_leggings":1,"minecraft:gray_wool":1,"minecraft:emerald":3,"minecraft:oak_sapling":49,"minecraft:coal":35},"minecraft:killed":{"minecraft:vindicator":6,"minecraft:spider":4,"minecraft:skeleton":2,"cataclysm:deepling_angler":1,"minecraft:pig":8,"minecraft:zombie_villager":1,"minecraft:sheep":6,"minecraft:zombie":2,"iceandfire:ghost":6,"cataclysm:deepling":2,"alexsmobs:fly":1,"minecraft:cow":3},"minecraft:broken":{"minecraft:chainmail_helmet":1},"minecraft:used":{"minecraft:azalea":1,"minecraft:iron_shovel":21,"minecraft:flint_and_steel":20,"minecraft:spruce_planks":4,"minecraft:chest":4,"minecraft:iron_sword":108,"minecraft:player_head":2,"minecraft:torch":19,"minecraft:dirt":17,"minecraft:mutton":6,"minecraft:spruce_stairs":1,"minecraft:lava_bucket":1,"minecraft:birch_sapling":2,"minecraft:furnace":5,"minecraft:oak_sapling":49,"minecraft:skeleton_skull":2,"minecraft:egg":7,"minecraft:cooked_mutton":4,"minecraft:water_bucket":18,"minecraft:spruce_door":1,"minecraft:birch_planks":39,"minecraft:oak_planks":11,"minecraft:birch_boat":6,"minecraft:blue_bed":11,"minecraft:sand":1,"minecraft:crafting_table":8,"minecraft:white_bed":3,"minecraft:cod":2,"iceandfire:silver_axe":24,"minecraft:spruce_log":15,"iceandfire:silver_pickaxe":2,"relics:horse_flute":12,"minecraft:apple":3,"minecraft:oxeye_daisy":1,"minecraft:melon_slice":15,"minecraft:iron_pickaxe":145,"minecraft:spruce_sapling":1,"minecraft:gravel":1,"minecraft:blue_carpet":1,"minecraft:cobblestone":39,"minecraft:cooked_porkchop":7,"minecraft:porkchop":7,"minecraft:birch_log":1,"minecraft:bucket":20,"minecraft:wither_rose":1,"alexsmobs:animal_dictionary":1,"minecraft:dandelion":2}},"DataVersion":3465}