{"stats":{"minecraft:mined":{"minecraft:skeleton_skull":1,"minecraft:spruce_stairs":1,"minecraft:spruce_planks":6,"minecraft:birch_log":6,"minecraft:fire":13,"minecraft:spruce_log":21,"minecraft:birch_leaves":6,"minecraft:dandelion":1,"minecraft:wither_rose":1,"minecraft:grass":4,"biomesoplenty:bush":6,"minecraft:skeleton_wall_skull":1,"minecraft:melon":3,"minecraft:chest":1,"minecraft:vine":1,"crittersandcompanions:silk_cocoon":1,"minecraft:dirt":1,"minecraft:oak_leaves":1,"minecraft:blue_bed":1},"minecraft:killed":{"minecraft:sheep":5,"minecraft:pig":1,"iceandfire:ghost":1,"minecraft:vindicator":3,"alexsmobs:fly":1},"minecraft:used":{"minecraft:flint_and_steel":8,"minecraft:chest":1,"minecraft:birch_boat":1,"minecraft:dirt":1,"minecraft:mutton":6,"minecraft:crafting_table":1,"minecraft:oak_sapling":1,"minecraft:porkchop":2,"minecraft:skeleton_skull":2,"alexsmobs:animal_dictionary":1,"minecraft:dandelion":1,"minecraft:spruce_log":10},"minecraft:crafted":{"minecraft:crafting_table":1,"minecraft:stick":4,"minecraft:birch_boat":1,"minecraft:torch":12,"minecraft:birch_planks":12},"minecraft:custom":{"minecraft:time_since_rest":6549,"minecraft:sprint_one_cm":155400,"minecraft:damage_taken":2372,"minecraft:walk_one_cm":115048,"minecraft:trigger_trapped_chest":3,"minecraft:mob_kills":12,"minecraft:drop":4,"minecraft:damage_dealt":2796,"minecraft:interact_with_crafting_table":5,"minecraft:swim_one_cm":38491,"minecraft:fly_one_cm":122262,"minecraft:open_barrel":6,"minecraft:open_chest":4,"minecraft:crouch_one_cm":1349,"minecraft:play_time":50712,"minecraft:deaths":8,"minecraft:sneak_time":1569,"minecraft:walk_under_water_one_cm":17412,"minecraft:boat_one_cm":129645,"minecraft:jump":652,"minecraft:leave_game":1,"minecraft:time_since_death":6524,"minecraft:walk_on_water_one_cm":28828,"minecraft:total_world_time":50712,"minecraft:fall_one_cm":22460},"minecraft:dropped":{"alexsmobs:animal_dictionary":1,"crittersandcompanions:silk":3},"minecraft:picked_up":{"minecraft:birch_log":6,"minecraft:stick":1,"minecraft:brown_wool":1,"minecraft:dandelion":1,"minecraft:spruce_stairs":1,"minecraft:wither_rose":1,"minecraft:porkchop":3,"minecraft:spruce_sapling":1,"minecraft:spruce_log":21,"minecraft:blue_bed":1,"minecraft:spider_eye":2,"minecraft:dirt":1,"minecraft:bone":2,"minecraft:spruce_planks":5,"minecraft:chainmail_leggings":1,"crittersandcompanions:silk":3,"minecraft:cobweb":2,"minecraft:gray_wool":1,"minecraft:emerald":1,"minecraft:melon_slice":12,"minecraft:chest":1,"minecraft:oak_sapling":1,"minecraft:mutton":10,"minecraft:skeleton_skull":2,"minecraft:white_wool":3}},"DataVersion":3465}