{"stats":{"minecraft:mined":{"minecraft:spruce_planks":7,"minecraft:dandelion":1,"biomesoplenty:bush":6,"minecraft:grass_block":3,"minecraft:melon":3,"minecraft:chest":4,"minecraft:blue_bed":1,"minecraft:wall_torch":2,"minecraft:skeleton_skull":1,"minecraft:spruce_stairs":1,"minecraft:birch_log":6,"minecraft:fire":59,"minecraft:spruce_log":21,"minecraft:birch_leaves":6,"minecraft:wither_rose":1,"minecraft:grass":7,"minecraft:skeleton_wall_skull":1,"minecraft:oak_log":4,"minecraft:vine":1,"crittersandcompanions:silk_cocoon":1,"minecraft:dirt":5,"minecraft:sand":1,"minecraft:stone":55,"minecraft:player_head":1,"minecraft:oak_leaves":1},"minecraft:killed":{"minecraft:pig":1,"minecraft:vindicator":6,"minecraft:sheep":6,"iceandfire:ghost":1,"alexsmobs:fly":1},"minecraft:used":{"minecraft:water_bucket":6,"minecraft:iron_shovel":2,"minecraft:spruce_door":1,"minecraft:flint_and_steel":20,"minecraft:oak_planks":9,"minecraft:chest":3,"minecraft:spruce_planks":4,"minecraft:birch_boat":1,"minecraft:player_head":2,"minecraft:torch":9,"minecraft:dirt":3,"minecraft:sand":1,"minecraft:mutton":6,"minecraft:crafting_table":2,"minecraft:spruce_stairs":1,"minecraft:spruce_log":10,"minecraft:iron_pickaxe":55,"minecraft:melon_slice":12,"minecraft:birch_sapling":1,"minecraft:oak_sapling":1,"minecraft:furnace":1,"minecraft:porkchop":2,"minecraft:bucket":7,"minecraft:skeleton_skull":2,"alexsmobs:animal_dictionary":1,"minecraft:dandelion":1},"minecraft:crafted":{"minecraft:oak_planks":16,"minecraft:crafting_table":2,"minecraft:birch_boat":1,"minecraft:iron_sword":1,"minecraft:furnace":1,"minecraft:birch_planks":12,"minecraft:stick":8,"minecraft:iron_pickaxe":1,"minecraft:iron_shovel":1,"minecraft:torch":12},"minecraft:custom":{"minecraft:interact_with_furnace":1,"minecraft:mob_kills":17,"minecraft:interact_with_crafting_table":9,"minecraft:open_barrel":26,"minecraft:leave_game":2,"minecraft:time_since_death":179,"minecraft:time_since_rest":202,"minecraft:sprint_one_cm":211684,"minecraft:damage_taken":6413,"minecraft:walk_one_cm":161472,"minecraft:trigger_trapped_chest":3,"minecraft:drop":4,"minecraft:damage_dealt":4269,"minecraft:swim_one_cm":101738,"minecraft:fly_one_cm":210614,"minecraft:open_chest":14,"minecraft:crouch_one_cm":3752,"minecraft:play_time":86248,"minecraft:deaths":21,"minecraft:sneak_time":4393,"minecraft:walk_under_water_one_cm":33632,"minecraft:boat_one_cm":129645,"minecraft:jump":1205,"minecraft:walk_on_water_one_cm":58184,"minecraft:total_world_time":86248,"minecraft:fall_one_cm":36345},"minecraft:dropped":{"alexsmobs:animal_dictionary":1,"crittersandcompanions:silk":3},"minecraft:picked_up":{"minecraft:birch_log":6,"minecraft:brown_wool":2,"minecraft:wither_rose":1,"minecraft:oak_log":4,"minecraft:blue_bed":1,"minecraft:dirt":8,"minecraft:bone":2,"minecraft:wheat_seeds":1,"minecraft:spruce_planks":6,"minecraft:cobweb":6,"minecraft:player_head":2,"minecraft:melon_slice":13,"minecraft:chest":4,"minecraft:birch_sapling":1,"minecraft:stick":1,"minecraft:torch":2,"minecraft:dandelion":1,"minecraft:spruce_stairs":3,"minecraft:porkchop":3,"minecraft:sand":1,"minecraft:spruce_sapling":1,"minecraft:spruce_log":21,"minecraft:blue_carpet":1,"minecraft:spider_eye":2,"minecraft:spruce_door":1,"minecraft:chainmail_leggings":1,"crittersandcompanions:silk":3,"minecraft:gray_wool":1,"minecraft:emerald":3,"minecraft:oak_sapling":1,"minecraft:mutton":11,"minecraft:skeleton_skull":2,"minecraft:white_wool":3,"minecraft:cobblestone":55}},"DataVersion":3465}