{"stats":{"minecraft:mined":{"minecraft:spruce_planks":7,"minecraft:dandelion":1,"biomesoplenty:bush":6,"minecraft:melon":3,"minecraft:chest":3,"minecraft:wall_torch":2,"minecraft:blue_bed":1,"minecraft:skeleton_skull":1,"minecraft:spruce_stairs":1,"minecraft:birch_log":6,"minecraft:fire":29,"minecraft:spruce_log":21,"minecraft:birch_leaves":6,"minecraft:wither_rose":1,"minecraft:grass":4,"minecraft:skeleton_wall_skull":1,"minecraft:vine":1,"crittersandcompanions:silk_cocoon":1,"minecraft:dirt":1,"minecraft:player_head":1,"minecraft:oak_leaves":1},"minecraft:killed":{"minecraft:pig":1,"minecraft:vindicator":6,"minecraft:sheep":5,"iceandfire:ghost":1,"alexsmobs:fly":1},"minecraft:used":{"minecraft:water_bucket":2,"minecraft:spruce_door":1,"minecraft:flint_and_steel":15,"minecraft:chest":2,"minecraft:birch_boat":1,"minecraft:player_head":2,"minecraft:torch":4,"minecraft:dirt":1,"minecraft:mutton":6,"minecraft:crafting_table":1,"minecraft:spruce_stairs":1,"minecraft:spruce_log":10,"minecraft:melon_slice":2,"minecraft:oak_sapling":1,"minecraft:porkchop":2,"minecraft:bucket":3,"minecraft:skeleton_skull":2,"alexsmobs:animal_dictionary":1,"minecraft:dandelion":1},"minecraft:crafted":{"minecraft:crafting_table":1,"minecraft:birch_boat":1,"minecraft:birch_planks":12,"minecraft:stick":4,"minecraft:torch":12},"minecraft:custom":{"minecraft:mob_kills":16,"minecraft:interact_with_crafting_table":5,"minecraft:open_barrel":15,"minecraft:leave_game":1,"minecraft:time_since_death":416,"minecraft:time_since_rest":443,"minecraft:sprint_one_cm":164049,"minecraft:damage_taken":4308,"minecraft:walk_one_cm":138567,"minecraft:trigger_trapped_chest":3,"minecraft:drop":4,"minecraft:damage_dealt":3979,"minecraft:swim_one_cm":41764,"minecraft:fly_one_cm":125621,"minecraft:open_chest":8,"minecraft:crouch_one_cm":3363,"minecraft:play_time":62712,"minecraft:deaths":14,"minecraft:sneak_time":4059,"minecraft:walk_under_water_one_cm":20793,"minecraft:boat_one_cm":129645,"minecraft:jump":725,"minecraft:walk_on_water_one_cm":32302,"minecraft:total_world_time":62712,"minecraft:fall_one_cm":22878},"minecraft:dropped":{"alexsmobs:animal_dictionary":1,"crittersandcompanions:silk":3},"minecraft:picked_up":{"minecraft:birch_log":6,"minecraft:brown_wool":1,"minecraft:wither_rose":1,"minecraft:dirt":1,"minecraft:blue_bed":1,"minecraft:bone":2,"minecraft:spruce_planks":6,"minecraft:cobweb":6,"minecraft:player_head":2,"minecraft:melon_slice":12,"minecraft:chest":3,"minecraft:stick":1,"minecraft:torch":2,"minecraft:dandelion":1,"minecraft:spruce_stairs":3,"minecraft:porkchop":3,"minecraft:spruce_sapling":1,"minecraft:spruce_log":21,"minecraft:spruce_door":1,"minecraft:spider_eye":2,"minecraft:blue_carpet":1,"minecraft:chainmail_leggings":1,"crittersandcompanions:silk":3,"minecraft:gray_wool":1,"minecraft:emerald":3,"minecraft:oak_sapling":1,"minecraft:mutton":10,"minecraft:skeleton_skull":2,"minecraft:white_wool":3}},"DataVersion":3465}