{"stats":{"minecraft:mined":{"minecraft:skeleton_skull":1,"minecraft:birch_log":6,"minecraft:fire":5,"minecraft:spruce_log":21,"minecraft:birch_leaves":2,"minecraft:dandelion":1,"minecraft:wither_rose":1,"minecraft:grass":3,"biomesoplenty:bush":6,"minecraft:skeleton_wall_skull":1,"crittersandcompanions:silk_cocoon":1,"minecraft:dirt":1,"minecraft:oak_leaves":1},"minecraft:killed":{"minecraft:sheep":5,"minecraft:pig":1,"alexsmobs:fly":1},"minecraft:used":{"minecraft:birch_boat":1,"minecraft:dirt":1,"minecraft:mutton":5,"minecraft:crafting_table":1,"minecraft:oak_sapling":1,"minecraft:porkchop":1,"minecraft:skeleton_skull":2,"alexsmobs:animal_dictionary":1,"minecraft:dandelion":1,"minecraft:spruce_log":10},"minecraft:crafted":{"minecraft:crafting_table":1,"minecraft:birch_boat":1,"minecraft:birch_planks":12},"minecraft:custom":{"minecraft:time_since_rest":3832,"minecraft:sprint_one_cm":139666,"minecraft:damage_taken":1948,"minecraft:walk_one_cm":105488,"minecraft:trigger_trapped_chest":2,"minecraft:mob_kills":7,"minecraft:drop":4,"minecraft:damage_dealt":678,"minecraft:interact_with_crafting_table":5,"minecraft:swim_one_cm":25947,"minecraft:fly_one_cm":106507,"minecraft:crouch_one_cm":1049,"minecraft:play_time":38712,"minecraft:deaths":7,"minecraft:sneak_time":410,"minecraft:walk_under_water_one_cm":10664,"minecraft:boat_one_cm":102825,"minecraft:jump":580,"minecraft:leave_game":1,"minecraft:time_since_death":3809,"minecraft:walk_on_water_one_cm":12809,"minecraft:total_world_time":38712,"minecraft:fall_one_cm":20662},"minecraft:dropped":{"alexsmobs:animal_dictionary":1,"crittersandcompanions:silk":3},"minecraft:picked_up":{"minecraft:birch_log":6,"minecraft:stick":1,"minecraft:brown_wool":1,"minecraft:dandelion":1,"minecraft:wither_rose":1,"minecraft:porkchop":3,"minecraft:spruce_sapling":1,"minecraft:spruce_log":21,"minecraft:spider_eye":2,"minecraft:dirt":1,"minecraft:bone":2,"crittersandcompanions:silk":3,"minecraft:gray_wool":1,"minecraft:oak_sapling":1,"minecraft:mutton":10,"minecraft:skeleton_skull":2,"minecraft:white_wool":3}},"DataVersion":3465}