{"stats":{"minecraft:mined":{"minecraft:spruce_planks":7,"minecraft:dandelion":1,"minecraft:crafting_table":1,"biomesoplenty:bush":6,"minecraft:grass_block":6,"minecraft:melon":4,"minecraft:chest":4,"galosphere:silver_ore":13,"minecraft:oak_planks":2,"minecraft:blue_bed":5,"minecraft:wall_torch":3,"minecraft:skeleton_skull":1,"minecraft:spruce_stairs":1,"minecraft:coarse_dirt":1,"minecraft:furnace":1,"minecraft:birch_log":14,"minecraft:fire":59,"minecraft:spruce_log":21,"minecraft:birch_leaves":7,"minecraft:wither_rose":1,"minecraft:grass":22,"minecraft:coal_ore":35,"minecraft:skeleton_wall_skull":1,"minecraft:oak_log":4,"minecraft:vine":1,"minecraft:cobweb":1,"minecraft:gravel":1,"crittersandcompanions:silk_cocoon":1,"minecraft:dirt":12,"minecraft:sand":1,"minecraft:stone":89,"minecraft:player_head":1,"minecraft:oak_leaves":1},"minecraft:killed":{"minecraft:pig":5,"minecraft:zombie_villager":1,"minecraft:spider":1,"minecraft:vindicator":6,"minecraft:sheep":6,"minecraft:skeleton":1,"iceandfire:ghost":2,"alexsmobs:fly":1},"minecraft:used":{"minecraft:cooked_mutton":1,"minecraft:water_bucket":10,"minecraft:iron_shovel":5,"minecraft:spruce_door":1,"minecraft:flint_and_steel":20,"minecraft:birch_planks":3,"minecraft:oak_planks":11,"minecraft:chest":4,"minecraft:spruce_planks":4,"minecraft:birch_boat":3,"minecraft:iron_sword":16,"minecraft:blue_bed":5,"minecraft:player_head":2,"minecraft:torch":10,"minecraft:dirt":13,"minecraft:sand":1,"minecraft:mutton":6,"minecraft:crafting_table":3,"minecraft:spruce_stairs":1,"minecraft:spruce_log":10,"minecraft:iron_pickaxe":142,"minecraft:melon_slice":15,"minecraft:birch_sapling":2,"minecraft:gravel":1,"minecraft:cobblestone":39,"minecraft:oak_sapling":1,"minecraft:furnace":2,"minecraft:porkchop":4,"minecraft:birch_log":1,"minecraft:bucket":11,"minecraft:skeleton_skull":2,"alexsmobs:animal_dictionary":1,"minecraft:dandelion":1},"minecraft:crafted":{"minecraft:oak_planks":16,"minecraft:crafting_table":3,"minecraft:birch_boat":3,"minecraft:iron_sword":1,"minecraft:furnace":1,"minecraft:birch_planks":40,"minecraft:cooked_mutton":1,"minecraft:air":0,"minecraft:stick":8,"minecraft:iron_pickaxe":1,"minecraft:iron_shovel":1,"minecraft:torch":12},"minecraft:custom":{"minecraft:interact_with_furnace":4,"minecraft:mob_kills":26,"minecraft:interact_with_crafting_table":13,"minecraft:open_barrel":26,"minecraft:leave_game":2,"minecraft:time_since_death":3934,"minecraft:climb_one_cm":12,"minecraft:sleep_in_bed":2,"minecraft:time_since_rest":3959,"minecraft:sprint_one_cm":306285,"minecraft:damage_taken":8624,"minecraft:walk_one_cm":204328,"minecraft:trigger_trapped_chest":3,"minecraft:drop":6,"minecraft:damage_dealt":5559,"minecraft:swim_one_cm":150668,"minecraft:fly_one_cm":326853,"minecraft:open_chest":14,"minecraft:crouch_one_cm":5024,"minecraft:play_time":122248,"minecraft:deaths":29,"minecraft:sneak_time":5249,"minecraft:walk_under_water_one_cm":54084,"minecraft:boat_one_cm":298401,"minecraft:jump":1915,"minecraft:walk_on_water_one_cm":87272,"minecraft:total_world_time":122248,"minecraft:fall_one_cm":57628},"minecraft:dropped":{"minecraft:wheat_seeds":1,"alexsmobs:animal_dictionary":1,"crittersandcompanions:silk":3,"minecraft:string":1},"minecraft:picked_up":{"minecraft:birch_log":14,"minecraft:crafting_table":1,"minecraft:charcoal":2,"minecraft:iron_chestplate":1,"minecraft:brown_wool":2,"minecraft:wither_rose":1,"minecraft:oak_log":4,"minecraft:string":2,"minecraft:blue_bed":5,"minecraft:dirt":18,"minecraft:bone":4,"minecraft:wheat_seeds":2,"minecraft:spruce_planks":6,"minecraft:cobweb":6,"minecraft:player_head":2,"galosphere:raw_silver":13,"minecraft:oak_planks":2,"minecraft:melon_slice":16,"minecraft:chest":4,"minecraft:birch_sapling":2,"minecraft:furnace":1,"minecraft:stick":1,"minecraft:torch":3,"minecraft:dandelion":1,"minecraft:gravel":1,"minecraft:spruce_stairs":3,"minecraft:porkchop":10,"minecraft:sand":1,"minecraft:spruce_sapling":1,"minecraft:spruce_log":21,"minecraft:blue_carpet":1,"minecraft:spider_eye":2,"minecraft:spruce_door":1,"minecraft:rotten_flesh":1,"minecraft:chainmail_leggings":1,"crittersandcompanions:silk":3,"minecraft:gray_wool":1,"minecraft:emerald":3,"minecraft:oak_sapling":1,"minecraft:mutton":11,"minecraft:coal":35,"minecraft:skeleton_skull":2,"minecraft:white_wool":3,"minecraft:cobblestone":95}},"DataVersion":3465}