{"stats":{"minecraft:mined":{"crittersandcompanions:silk_cocoon":1,"minecraft:oak_leaves":1},"minecraft:killed":{"minecraft:sheep":1,"alexsmobs:fly":1},"minecraft:used":{"minecraft:mutton":3,"minecraft:oak_sapling":1,"alexsmobs:animal_dictionary":1},"minecraft:custom":{"minecraft:time_since_rest":4301,"minecraft:crouch_one_cm":834,"minecraft:play_time":14712,"minecraft:sprint_one_cm":45077,"minecraft:deaths":2,"minecraft:damage_taken":810,"minecraft:walk_one_cm":50417,"minecraft:sneak_time":198,"minecraft:walk_under_water_one_cm":5377,"minecraft:mob_kills":2,"minecraft:drop":4,"minecraft:jump":232,"minecraft:damage_dealt":146,"minecraft:walk_on_water_one_cm":4425,"minecraft:leave_game":1,"minecraft:time_since_death":4278,"minecraft:total_world_time":14712,"minecraft:swim_one_cm":7550,"minecraft:fall_one_cm":8157,"minecraft:fly_one_cm":35715},"minecraft:dropped":{"alexsmobs:animal_dictionary":1,"crittersandcompanions:silk":3},"minecraft:picked_up":{"minecraft:bone":2,"crittersandcompanions:silk":3,"minecraft:gray_wool":1,"minecraft:oak_sapling":1,"minecraft:mutton":3,"minecraft:spider_eye":2}},"DataVersion":3465}