{"stats":{"minecraft:mined":{"minecraft:spruce_planks":7,"minecraft:dandelion":2,"minecraft:crafting_table":1,"biomesoplenty:bush":6,"minecraft:grass_block":6,"minecraft:melon":4,"minecraft:chest":4,"galosphere:silver_ore":13,"minecraft:oxeye_daisy":2,"minecraft:oak_planks":2,"minecraft:blue_bed":6,"minecraft:wall_torch":3,"minecraft:skeleton_skull":1,"minecraft:spruce_stairs":1,"minecraft:coarse_dirt":1,"minecraft:furnace":1,"minecraft:birch_log":20,"minecraft:fire":59,"minecraft:spruce_log":21,"minecraft:birch_leaves":7,"minecraft:wither_rose":1,"minecraft:grass":36,"minecraft:coal_ore":35,"minecraft:skeleton_wall_skull":1,"minecraft:oak_log":4,"minecraft:vine":1,"minecraft:cobweb":1,"minecraft:gravel":1,"crittersandcompanions:silk_cocoon":1,"minecraft:dirt":12,"minecraft:sand":1,"minecraft:stone":89,"minecraft:player_head":1,"minecraft:oak_leaves":1},"minecraft:killed":{"minecraft:pig":5,"minecraft:zombie_villager":1,"minecraft:spider":1,"minecraft:vindicator":6,"minecraft:sheep":6,"minecraft:skeleton":1,"iceandfire:ghost":2,"alexsmobs:fly":1},"minecraft:used":{"minecraft:cooked_mutton":1,"minecraft:water_bucket":10,"minecraft:iron_shovel":5,"minecraft:spruce_door":1,"minecraft:flint_and_steel":20,"minecraft:birch_planks":3,"minecraft:oak_planks":11,"minecraft:chest":4,"minecraft:spruce_planks":4,"minecraft:birch_boat":4,"minecraft:iron_sword":17,"minecraft:blue_bed":6,"minecraft:player_head":2,"minecraft:torch":11,"minecraft:dirt":17,"minecraft:sand":1,"minecraft:mutton":6,"minecraft:crafting_table":4,"minecraft:spruce_stairs":1,"minecraft:spruce_log":15,"minecraft:apple":1,"minecraft:iron_pickaxe":142,"minecraft:melon_slice":15,"minecraft:birch_sapling":2,"minecraft:spruce_sapling":1,"minecraft:gravel":1,"minecraft:cobblestone":39,"minecraft:oak_sapling":30,"minecraft:furnace":2,"minecraft:porkchop":4,"minecraft:birch_log":1,"minecraft:bucket":11,"minecraft:skeleton_skull":2,"alexsmobs:animal_dictionary":1,"minecraft:dandelion":2},"minecraft:crafted":{"minecraft:oak_planks":16,"minecraft:crafting_table":4,"minecraft:birch_boat":4,"minecraft:iron_sword":1,"minecraft:furnace":1,"minecraft:birch_planks":64,"minecraft:cooked_mutton":1,"minecraft:air":0,"minecraft:stick":8,"minecraft:iron_pickaxe":1,"minecraft:iron_shovel":1,"minecraft:torch":12},"minecraft:custom":{"minecraft:interact_with_furnace":4,"minecraft:mob_kills":26,"minecraft:interact_with_crafting_table":14,"minecraft:open_barrel":26,"minecraft:leave_game":2,"minecraft:time_since_death":1850,"minecraft:climb_one_cm":12,"minecraft:sleep_in_bed":3,"minecraft:time_since_rest":1873,"minecraft:sprint_one_cm":356644,"minecraft:damage_taken":9271,"minecraft:walk_one_cm":226672,"minecraft:trigger_trapped_chest":3,"minecraft:drop":7,"minecraft:damage_dealt":5698,"minecraft:swim_one_cm":158154,"minecraft:fly_one_cm":350120,"minecraft:open_chest":14,"minecraft:crouch_one_cm":5077,"minecraft:play_time":134248,"minecraft:deaths":31,"minecraft:sneak_time":5274,"minecraft:walk_under_water_one_cm":55040,"minecraft:boat_one_cm":432996,"minecraft:jump":2036,"minecraft:walk_on_water_one_cm":91894,"minecraft:total_world_time":134248,"minecraft:fall_one_cm":60622},"minecraft:dropped":{"minecraft:wheat_seeds":1,"alexsmobs:animal_dictionary":1,"crittersandcompanions:silk":3,"minecraft:dirt":1,"minecraft:string":1},"minecraft:picked_up":{"minecraft:birch_log":20,"minecraft:crafting_table":1,"minecraft:charcoal":2,"minecraft:iron_chestplate":1,"minecraft:brown_wool":2,"minecraft:wither_rose":1,"minecraft:oak_log":5,"minecraft:string":2,"minecraft:blue_bed":6,"minecraft:dirt":18,"minecraft:bone":4,"minecraft:apple":4,"minecraft:wheat_seeds":16,"minecraft:spruce_planks":6,"minecraft:cobweb":6,"minecraft:player_head":2,"galosphere:raw_silver":13,"minecraft:oak_planks":2,"minecraft:melon_slice":16,"minecraft:chest":4,"minecraft:birch_sapling":2,"minecraft:furnace":1,"minecraft:stick":34,"minecraft:torch":3,"minecraft:dandelion":2,"minecraft:gravel":1,"minecraft:spruce_stairs":3,"minecraft:porkchop":10,"minecraft:sand":1,"minecraft:spruce_sapling":1,"minecraft:spruce_log":21,"minecraft:blue_carpet":1,"minecraft:spider_eye":2,"minecraft:spruce_door":1,"minecraft:rotten_flesh":1,"minecraft:chainmail_leggings":1,"crittersandcompanions:silk":3,"minecraft:gray_wool":1,"minecraft:emerald":3,"minecraft:oak_sapling":42,"minecraft:mutton":11,"minecraft:coal":35,"minecraft:skeleton_skull":2,"minecraft:white_wool":3,"minecraft:cobblestone":95}},"DataVersion":3465}