{"stats":{"minecraft:crafted":{"minecraft:wooden_sword":1,"minecraft:oak_planks":12,"minecraft:crafting_table":2,"minecraft:spruce_planks":44,"minecraft:wooden_pickaxe":1,"minecraft:cooked_chicken":2,"minecraft:furnace":2,"minecraft:cooked_mutton":3,"minecraft:air":0,"minecraft:stick":8,"minecraft:stone_pickaxe":1,"minecraft:wooden_axe":1},"minecraft:mined":{"minecraft:spruce_planks":4,"minecraft:crafting_table":2,"minecraft:acacia_log":12,"minecraft:grass_block":5,"minecraft:infested_cobblestone":1,"minecraft:chest":1,"minecraft:tall_grass":5,"minecraft:cobblestone":1,"minecraft:spruce_leaves":7,"minecraft:oak_planks":2,"minecraft:furnace":1,"minecraft:spruce_log":11,"minecraft:wither_rose":2,"minecraft:grass":6,"minecraft:oak_log":3,"minecraft:coal_ore":20,"minecraft:vine":1,"minecraft:oak_stairs":1,"minecraft:dirt":11,"minecraft:stone":23,"minecraft:oak_leaves":2},"minecraft:killed":{"minecraft:sheep":2,"minecraft:zombie":1,"born_in_chaos_v1:dread_hound":1,"minecraft:chicken":4,"born_in_chaos_v1:corpse_fly":1,"alexsmobs:gazelle":1,"minecraft:silverfish":1},"minecraft:used":{"alexsmobs:emu_egg":1,"minecraft:cooked_mutton":3,"minecraft:stone_pickaxe":36,"minecraft:spruce_planks":4,"minecraft:wooden_pickaxe":14,"minecraft:cooked_chicken":2,"minecraft:dirt":16,"minecraft:crafting_table":3,"born_in_chaos_v1:corpse_maggot":2,"minecraft:wooden_axe":48,"minecraft:bread":2,"minecraft:wooden_sword":13,"minecraft:furnace":2,"alexsmobs:animal_dictionary":1},"minecraft:custom":{"minecraft:interact_with_furnace":7,"minecraft:mob_kills":11,"minecraft:interact_with_crafting_table":6,"minecraft:open_barrel":1,"minecraft:leave_game":1,"minecraft:time_since_death":39731,"minecraft:time_since_rest":39731,"minecraft:sprint_one_cm":93413,"minecraft:damage_taken":590,"minecraft:walk_one_cm":166976,"minecraft:trigger_trapped_chest":2,"minecraft:damage_dealt":853,"minecraft:fly_one_cm":107488,"minecraft:open_chest":1,"minecraft:crouch_one_cm":1630,"minecraft:play_time":39731,"minecraft:sneak_time":684,"minecraft:jump":564,"minecraft:total_world_time":39731,"minecraft:interact_with_smoker":1,"minecraft:fall_one_cm":15492},"minecraft:picked_up":{"benssharks:silverfish":1,"born_in_chaos_v1:corpse_maggot":2,"minecraft:crafting_table":2,"minecraft:feather":8,"minecraft:chicken":4,"minecraft:oak_stairs":1,"minecraft:wither_rose":2,"minecraft:oak_log":3,"alexsmobs:gazelle_horn":1,"minecraft:dirt":16,"minecraft:bone":1,"minecraft:wheat_seeds":2,"minecraft:spruce_planks":4,"biomesoplenty:wildflower":1,"minecraft:chest":1,"minecraft:oak_planks":2,"minecraft:egg":1,"minecraft:furnace":1,"minecraft:acacia_log":11,"minecraft:spruce_log":11,"minecraft:arrow":2,"alexsmobs:emu_egg":2,"minecraft:bread":3,"minecraft:mutton":3,"minecraft:coal":20,"minecraft:white_wool":2,"minecraft:cobblestone":25}},"DataVersion":3465}