{"stats":{"minecraft:crafted":{"minecraft:wooden_sword":1,"minecraft:oak_planks":12,"minecraft:crafting_table":1,"minecraft:spruce_planks":40,"minecraft:stick":8,"minecraft:wooden_pickaxe":1,"minecraft:cooked_chicken":2,"minecraft:stone_pickaxe":1,"minecraft:wooden_axe":1,"minecraft:furnace":1,"minecraft:air":0},"minecraft:mined":{"minecraft:spruce_log":10,"minecraft:crafting_table":1,"minecraft:grass":3,"minecraft:coal_ore":20,"minecraft:grass_block":4,"minecraft:oak_log":3,"minecraft:dirt":6,"minecraft:tall_grass":5,"minecraft:spruce_leaves":7,"minecraft:stone":23,"minecraft:oak_leaves":2},"minecraft:killed":{"minecraft:zombie":1,"born_in_chaos_v1:dread_hound":1,"minecraft:chicken":4,"born_in_chaos_v1:corpse_fly":1,"alexsmobs:gazelle":1},"minecraft:used":{"minecraft:wooden_axe":24,"minecraft:stone_pickaxe":29,"minecraft:wooden_pickaxe":14,"minecraft:cooked_chicken":2,"minecraft:wooden_sword":5,"minecraft:dirt":8,"minecraft:crafting_table":2,"minecraft:furnace":1,"alexsmobs:animal_dictionary":1},"minecraft:picked_up":{"born_in_chaos_v1:corpse_maggot":2,"minecraft:crafting_table":1,"minecraft:feather":8,"minecraft:chicken":4,"minecraft:oak_log":3,"minecraft:spruce_log":10,"minecraft:dirt":11,"alexsmobs:gazelle_horn":1,"minecraft:wheat_seeds":2,"biomesoplenty:wildflower":1,"minecraft:coal":20,"minecraft:cobblestone":24,"minecraft:egg":1},"minecraft:custom":{"minecraft:time_since_rest":27731,"minecraft:interact_with_furnace":2,"minecraft:sprint_one_cm":41041,"minecraft:damage_taken":280,"minecraft:walk_one_cm":49404,"minecraft:mob_kills":8,"minecraft:damage_dealt":512,"minecraft:interact_with_crafting_table":5,"minecraft:fly_one_cm":55625,"minecraft:crouch_one_cm":772,"minecraft:play_time":27731,"minecraft:sneak_time":403,"minecraft:jump":266,"minecraft:leave_game":1,"minecraft:time_since_death":27731,"minecraft:total_world_time":27731,"minecraft:fall_one_cm":9541}},"DataVersion":3465}