{"stats":{"minecraft:crafted":{"minecraft:wooden_sword":1,"minecraft:oak_planks":12,"minecraft:crafting_table":2,"minecraft:spruce_planks":44,"minecraft:wooden_pickaxe":1,"minecraft:cooked_chicken":2,"minecraft:furnace":2,"minecraft:cooked_mutton":3,"minecraft:air":0,"minecraft:iron_boots":1,"minecraft:stick":20,"minecraft:iron_ingot":4,"minecraft:stone_pickaxe":1,"minecraft:wooden_axe":1,"minecraft:torch":52},"minecraft:mined":{"minecraft:spruce_planks":4,"minecraft:crafting_table":4,"minecraft:acacia_log":12,"minecraft:grass_block":10,"minecraft:infested_cobblestone":1,"minecraft:chest":1,"minecraft:tall_grass":5,"minecraft:cobblestone":1,"minecraft:spruce_leaves":7,"minecraft:oak_planks":2,"minecraft:wall_torch":1,"minecraft:furnace":1,"minecraft:iron_ore":4,"minecraft:spruce_log":12,"minecraft:wither_rose":2,"minecraft:grass":11,"minecraft:oak_log":3,"minecraft:coal_ore":36,"minecraft:vine":1,"minecraft:oak_stairs":1,"minecraft:dirt":17,"minecraft:stone":32,"minecraft:oak_leaves":2},"minecraft:killed":{"minecraft:sheep":2,"minecraft:zombie":1,"iceandfire:ghost":1,"born_in_chaos_v1:dread_hound":1,"minecraft:chicken":4,"born_in_chaos_v1:corpse_fly":1,"alexsmobs:gazelle":1,"minecraft:silverfish":1},"minecraft:used":{"alexsmobs:emu_egg":1,"minecraft:cooked_mutton":3,"minecraft:stone_pickaxe":62,"minecraft:chest":1,"minecraft:spruce_planks":4,"minecraft:wooden_pickaxe":18,"minecraft:cooked_chicken":2,"minecraft:torch":1,"minecraft:dirt":27,"minecraft:crafting_table":6,"born_in_chaos_v1:corpse_maggot":2,"minecraft:wooden_axe":52,"minecraft:apple":2,"minecraft:bread":7,"minecraft:wooden_sword":20,"minecraft:cobblestone":14,"minecraft:furnace":3,"alexsmobs:animal_dictionary":1},"minecraft:custom":{"minecraft:interact_with_furnace":10,"minecraft:mob_kills":12,"minecraft:interact_with_crafting_table":9,"minecraft:open_barrel":1,"minecraft:leave_game":1,"minecraft:time_since_death":8342,"minecraft:time_since_rest":8364,"minecraft:sprint_one_cm":182406,"minecraft:damage_taken":1190,"minecraft:walk_one_cm":221159,"minecraft:trigger_trapped_chest":2,"minecraft:damage_dealt":1106,"minecraft:fly_one_cm":192579,"minecraft:open_chest":2,"minecraft:crouch_one_cm":2059,"minecraft:play_time":51731,"minecraft:deaths":2,"minecraft:sneak_time":732,"minecraft:jump":855,"minecraft:total_world_time":51731,"minecraft:interact_with_smoker":1,"minecraft:fall_one_cm":27698},"minecraft:picked_up":{"benssharks:silverfish":1,"born_in_chaos_v1:corpse_maggot":2,"minecraft:crafting_table":4,"minecraft:feather":8,"minecraft:chicken":4,"minecraft:oak_stairs":1,"minecraft:wither_rose":2,"minecraft:oak_log":3,"alexsmobs:gazelle_horn":1,"minecraft:dirt":27,"minecraft:bone":1,"minecraft:wheat_seeds":2,"minecraft:spruce_planks":4,"biomesoplenty:wildflower":1,"minecraft:chest":1,"minecraft:oak_planks":2,"minecraft:egg":1,"minecraft:furnace":1,"minecraft:raw_iron":4,"minecraft:torch":1,"minecraft:acacia_log":11,"minecraft:spruce_log":12,"minecraft:arrow":2,"alexsmobs:emu_egg":2,"minecraft:bread":3,"minecraft:mutton":3,"minecraft:coal":36,"minecraft:white_wool":2,"minecraft:cobblestone":34}},"DataVersion":3465}