{"stats":{"minecraft:broken":{"minecraft:stone_pickaxe":1,"minecraft:wooden_axe":1},"minecraft:picked_up":{"minecraft:crafting_table":7,"minecraft:chicken":4,"born_in_chaos_v1:seedof_chaos":2,"minecraft:oak_stairs":2,"minecraft:wither_rose":2,"iceandfire:manuscript":1,"alexsmobs:gazelle_horn":4,"minecraft:raw_copper":12,"minecraft:spruce_planks":5,"minecraft:beef":13,"minecraft:rose_bush":2,"biomesoplenty:wildflower":1,"minecraft:sugar_cane":5,"minecraft:chest":5,"minecraft:furnace":4,"minecraft:egg":1,"minecraft:raw_iron":38,"born_in_chaos_v1:shattered_skull":1,"zesshou_echoes_of_the_forlorn:dread_leather":1,"minecraft:acacia_log":11,"minecraft:torch":49,"born_in_chaos_v1:pileof_dark_metal":1,"minecraft:diorite":15,"minecraft:carrot":1,"minecraft:arrow":4,"minecraft:rotten_flesh":17,"farmersdelight:rope":14,"alexsmobs:emu_egg":2,"minecraft:mutton":19,"minecraft:cobblestone":161,"minecraft:white_wool":9,"minecraft:oxeye_daisy":1,"benssharks:silverfish":1,"born_in_chaos_v1:corpse_maggot":3,"minecraft:feather":16,"born_in_chaos_v1:monster_flesh":1,"minecraft:andesite":1,"minecraft:leather":9,"minecraft:smoker":3,"minecraft:oak_log":13,"iceandfire:ectoplasm":1,"minecraft:dirt":65,"born_in_chaos_v1:monster_skin":3,"minecraft:bone":8,"minecraft:wheat_seeds":2,"minecraft:oak_planks":2,"born_in_chaos_v1:ethereal_spirit":1,"minecraft:gravel":3,"minecraft:sand":26,"minecraft:spruce_sapling":1,"minecraft:white_bed":4,"minecraft:spruce_log":18,"minecraft:spider_eye":2,"minecraft:iron_hoe":1,"minecraft:granite":10,"minecraft:bone_meal":1,"minecraft:bread":3,"mowziesmobs:umvuthana_mask_fear":1,"minecraft:coal":150},"minecraft:used":{"alexsmobs:emu_egg":1,"minecraft:chest":4,"minecraft:spruce_planks":5,"minecraft:iron_sword":226,"minecraft:cooked_chicken":2,"minecraft:rotten_flesh":1,"minecraft:torch":56,"minecraft:dirt":27,"minecraft:carrot":2,"farmersdelight:rope":3,"minecraft:iron_hoe":3,"born_in_chaos_v1:corpse_maggot":2,"minecraft:wooden_axe":56,"born_in_chaos_v1:smoked_flesh":12,"minecraft:iron_axe":13,"minecraft:furnace":5,"minecraft:cooked_beef":6,"minecraft:cooked_mutton":17,"minecraft:water_bucket":1,"minecraft:stone_pickaxe":139,"minecraft:baked_potato":5,"minecraft:wooden_pickaxe":64,"travelersbackpack:iron_golem":6,"minecraft:sugar_cane":5,"minecraft:crafting_table":12,"minecraft:white_bed":6,"minecraft:spruce_log":1,"minecraft:smoker":3,"minecraft:apple":2,"minecraft:bread":8,"minecraft:iron_pickaxe":178,"born_in_chaos_v1:smoked_monster_flesh":1,"minecraft:gravel":3,"minecraft:wooden_sword":23,"minecraft:cobblestone":101,"travelersbackpack:standard":3,"minecraft:bucket":2,"alexsmobs:animal_dictionary":1},"minecraft:custom":{"minecraft:mob_kills":64,"minecraft:interact_with_crafting_table":67,"minecraft:open_barrel":19,"minecraft:damage_dealt_resisted":1176,"minecraft:leave_game":6,"minecraft:time_since_death":29387,"minecraft:sprint_one_cm":820882,"minecraft:walk_one_cm":536248,"minecraft:drop":15,"minecraft:talked_to_villager":10,"minecraft:play_time":211157,"minecraft:deaths":10,"minecraft:sneak_time":6190,"minecraft:walk_under_water_one_cm":7834,"minecraft:jump":4042,"minecraft:walk_on_water_one_cm":17587,"minecraft:total_world_time":211157,"minecraft:interact_with_furnace":42,"minecraft:sleep_in_bed":7,"minecraft:time_since_rest":476,"minecraft:waystone_activated":4,"minecraft:damage_taken":4885,"minecraft:trigger_trapped_chest":3,"minecraft:damage_dealt":11583,"minecraft:swim_one_cm":22705,"minecraft:fly_one_cm":848586,"minecraft:open_chest":63,"minecraft:crouch_one_cm":16001,"minecraft:interact_with_smoker":36,"minecraft:fall_one_cm":117094},"minecraft:dropped":{"minecraft:feather":8,"minecraft:granite":10,"minecraft:oxeye_daisy":1,"minecraft:diorite":15,"minecraft:rose_bush":2,"farmersdelight:onion":2,"minecraft:oak_stairs":1,"minecraft:wooden_sword":1,"minecraft:bone_meal":1,"minecraft:andesite":1,"farmersdelight:rope":11,"minecraft:wooden_pickaxe":2,"iceandfire:manuscript":1,"minecraft:egg":1},"minecraft:killed":{"minecraft:cave_spider":1,"zesshou_echoes_of_the_forlorn:dreadhoof":1,"born_in_chaos_v1:door_knight_not_despawn":1,"minecraft:spider":4,"born_in_chaos_v1:maggot":4,"minecraft:skeleton":1,"minecraft:chicken":4,"minecraft:silverfish":1,"mowziesmobs:umvuthana":2,"zesshou_echoes_of_the_forlorn:deceased_zombie":1,"born_in_chaos_v1:spiritof_chaos":1,"born_in_chaos_v1:fallen_chaos_knight":1,"born_in_chaos_v1:baby_skeleton":3,"born_in_chaos_v1:decrepit_skeleton":4,"minecraft:sheep":9,"minecraft:zombie":5,"iceandfire:ghost":3,"born_in_chaos_v1:dread_hound":2,"born_in_chaos_v1:corpse_fly":1,"alexsmobs:gazelle":7,"minecraft:cow":8},"minecraft:mined":{"minecraft:spruce_planks":5,"minecraft:white_bed":4,"minecraft:granite":10,"minecraft:acacia_log":12,"minecraft:grass_block":18,"minecraft:infested_cobblestone":1,"minecraft:spruce_leaves":10,"minecraft:spawner":4,"minecraft:furnace":4,"minecraft:iron_ore":38,"minecraft:andesite":1,"farmersdelight:rope":3,"minecraft:vine":2,"minecraft:oak_stairs":1,"biomesoplenty:webbing":8,"biomesoplenty:spider_egg":1,"minecraft:stone":148,"minecraft:smoker":3,"minecraft:crafting_table":8,"minecraft:torch":34,"minecraft:chest":5,"minecraft:rose_bush":3,"minecraft:tall_grass":5,"minecraft:copper_ore":4,"minecraft:cobblestone":16,"minecraft:sugar_cane":2,"minecraft:oak_planks":2,"minecraft:diorite":16,"minecraft:wall_torch":16,"minecraft:spruce_log":18,"minecraft:wither_rose":2,"minecraft:grass":16,"biomesoplenty:clover":1,"minecraft:oak_log":13,"minecraft:coal_ore":93,"minecraft:gravel":5,"minecraft:sand":26,"minecraft:dirt":26,"biomesoplenty:stringy_cobweb":1,"minecraft:oak_leaves":4},"minecraft:crafted":{"minecraft:wooden_sword":1,"minecraft:oak_planks":36,"minecraft:cooked_chicken":2,"minecraft:furnace":3,"travelersbackpack:blank_upgrade":4,"born_in_chaos_v1:smoked_monster_flesh":1,"minecraft:cooked_mutton":19,"minecraft:glass":26,"travelersbackpack:white_sleeping_bag":1,"minecraft:iron_boots":1,"minecraft:iron_axe":1,"minecraft:stone_pickaxe":1,"minecraft:chest":2,"minecraft:smoker":1,"minecraft:cooked_beef":15,"farmersdelight:cooked_mutton_chops":6,"minecraft:crafting_table":6,"minecraft:spruce_planks":68,"travelersbackpack:backpack_tank":4,"minecraft:iron_helmet":1,"travelersbackpack:standard":1,"minecraft:wooden_pickaxe":2,"minecraft:baked_potato":21,"minecraft:iron_sword":2,"farmersdelight:smoked_ham":1,"minecraft:bread":3,"minecraft:air":0,"minecraft:iron_chestplate":1,"minecraft:stick":32,"born_in_chaos_v1:smoked_flesh":21,"minecraft:iron_ingot":38,"minecraft:iron_pickaxe":1,"minecraft:wooden_axe":1,"minecraft:iron_leggings":1,"minecraft:gold_ingot":1,"minecraft:white_bed":2,"minecraft:acacia_planks":44,"minecraft:torch":52}},"DataVersion":3465}