{"stats":{"minecraft:crafted":{"minecraft:cooked_porkchop":1,"minecraft:crafting_table":1,"minecraft:spruce_planks":12,"minecraft:stick":4,"minecraft:wooden_pickaxe":1,"minecraft:cooked_chicken":1,"minecraft:stone_pickaxe":1,"minecraft:air":0},"minecraft:mined":{"iceandfire:silver_ore":2,"biomesoplenty:wildflower":1,"minecraft:spruce_log":3,"minecraft:andesite":1,"minecraft:grass":3,"minecraft:coal_ore":3,"minecraft:grass_block":7,"minecraft:oak_log":2,"minecraft:dirt":4,"minecraft:tall_grass":1,"minecraft:spruce_leaves":1,"minecraft:stone":14},"minecraft:dropped":{"born_in_chaos_v1:monster_flesh":1,"minecraft:wheat_seeds":2},"minecraft:killed":{"minecraft:zombie":1,"minecraft:pig":1,"born_in_chaos_v1:corpse_fly":1},"minecraft:used":{"minecraft:stone_sword":2,"minecraft:stone_pickaxe":5,"minecraft:wooden_pickaxe":18,"minecraft:cooked_chicken":1,"minecraft:dirt":6,"minecraft:cobblestone":1,"minecraft:crafting_table":1,"minecraft:cooked_porkchop":1,"biomesoplenty:wildflower":1},"minecraft:picked_up":{"born_in_chaos_v1:corpse_maggot":1,"born_in_chaos_v1:monster_flesh":1,"minecraft:andesite":1,"minecraft:porkchop":1,"minecraft:oak_log":1,"minecraft:spruce_log":3,"minecraft:dirt":6,"born_in_chaos_v1:monster_skin":1,"minecraft:wheat_seeds":2,"biomesoplenty:wildflower":1,"minecraft:coal":3,"iceandfire:raw_silver":2,"minecraft:cobblestone":14},"minecraft:custom":{"minecraft:time_since_rest":30336,"minecraft:interact_with_furnace":3,"minecraft:sprint_one_cm":51282,"minecraft:damage_taken":180,"minecraft:walk_one_cm":132711,"minecraft:mob_kills":3,"minecraft:drop":3,"minecraft:damage_dealt":367,"minecraft:interact_with_crafting_table":2,"minecraft:fly_one_cm":56822,"minecraft:crouch_one_cm":7966,"minecraft:play_time":30336,"minecraft:sneak_time":1391,"minecraft:jump":275,"minecraft:time_since_death":30336,"minecraft:total_world_time":30336,"minecraft:fall_one_cm":9470}},"DataVersion":3465}