{"stats":{"minecraft:crafted":{"minecraft:oak_planks":8,"minecraft:cooked_porkchop":4,"iceandfire:silver_ingot":3,"minecraft:crafting_table":2,"minecraft:wooden_pickaxe":1,"minecraft:baked_potato":12,"minecraft:iron_sword":1,"minecraft:furnace":1,"minecraft:birch_planks":24,"minecraft:stone_axe":1,"minecraft:bread":1,"minecraft:cooked_mutton":2,"minecraft:air":0,"minecraft:iron_chestplate":1,"minecraft:stick":16,"minecraft:iron_ingot":17,"minecraft:stone_pickaxe":1,"minecraft:stone_sword":1,"minecraft:iron_leggings":1,"minecraft:torch":4},"minecraft:mined":{"iceandfire:silver_ore":3,"minecraft:crafting_table":4,"minecraft:grass_block":2,"minecraft:rose_bush":1,"minecraft:wall_torch":8,"minecraft:hay_block":10,"minecraft:furnace":3,"biomesoplenty:toadstool":1,"minecraft:birch_log":6,"minecraft:iron_ore":17,"minecraft:birch_leaves":1,"minecraft:bee_nest":1,"minecraft:grass":3,"minecraft:oak_log":8,"minecraft:coal_ore":15,"iceandfire:gold_pile":1,"minecraft:sand":3,"minecraft:dirt":1,"minecraft:stone":22,"minecraft:oak_leaves":12,"minecraft:fern":7},"minecraft:killed":{"zesshou_echoes_of_the_forlorn:deceased_zombie":1,"minecraft:pig":5,"aquaculture:bluegill":1,"alexsmobs:skunk":1,"minecraft:sheep":8,"aquaculture:minnow":1,"minecraft:zombie":2,"zesshou_echoes_of_the_forlorn:brewer_skeleton":1},"minecraft:custom":{"minecraft:interact_with_furnace":15,"minecraft:mob_kills":20,"minecraft:interact_with_crafting_table":7,"minecraft:open_barrel":8,"minecraft:interact_with_loom":1,"minecraft:damage_dealt_resisted":351,"minecraft:interact_with_grindstone":1,"minecraft:leave_game":8,"minecraft:time_since_death":3931,"minecraft:sleep_in_bed":2,"minecraft:climb_one_cm":190,"minecraft:time_since_rest":3730,"minecraft:waystone_activated":2,"minecraft:sprint_one_cm":636403,"minecraft:damage_taken":2874,"minecraft:walk_one_cm":394742,"minecraft:trigger_trapped_chest":1,"minecraft:drop":9,"minecraft:damage_dealt":2942,"minecraft:damage_dealt_absorbed":20,"minecraft:swim_one_cm":54555,"minecraft:talked_to_villager":5,"minecraft:fly_one_cm":446839,"minecraft:open_chest":17,"minecraft:crouch_one_cm":508,"minecraft:play_time":97596,"minecraft:deaths":7,"minecraft:sneak_time":453,"minecraft:walk_under_water_one_cm":31715,"minecraft:jump":1365,"minecraft:walk_on_water_one_cm":33603,"minecraft:total_world_time":97596,"minecraft:fall_one_cm":30313},"minecraft:used":{"minecraft:cooked_mutton":2,"minecraft:stone_sword":57,"minecraft:stone_pickaxe":60,"minecraft:baked_potato":5,"minecraft:wooden_pickaxe":9,"minecraft:iron_sword":2,"minecraft:torch":11,"minecraft:dirt":2,"minecraft:sand":2,"minecraft:mutton":6,"minecraft:crafting_table":5,"minecraft:bread":1,"biomesoplenty:toadstool":1,"minecraft:stone_axe":10,"minecraft:furnace":3,"minecraft:cooked_porkchop":5,"alexsmobs:animal_dictionary":2},"minecraft:dropped":{"minecraft:wheat_seeds":1,"alexsmobs:animal_dictionary":1,"minecraft:poisonous_potato":1,"minecraft:rotten_flesh":1,"aquaculture:minnow":2,"minecraft:mutton":1,"minecraft:rose_bush":1,"minecraft:wooden_pickaxe":1},"minecraft:picked_up":{"minecraft:birch_log":7,"minecraft:crafting_table":4,"minecraft:oak_log":8,"travelersbackpack:emerald":1,"minecraft:dirt":3,"minecraft:bone":1,"minecraft:wheat_seeds":1,"minecraft:rose_bush":1,"aquaculture:minnow":2,"minecraft:light_gray_wool":1,"minecraft:furnace":3,"biomesoplenty:toadstool":1,"minecraft:stick":1,"minecraft:raw_iron":17,"minecraft:cooked_porkchop":1,"minecraft:torch":10,"minecraft:porkchop":10,"minecraft:sand":3,"minecraft:redstone":1,"alexsmobs:animal_dictionary":2,"minecraft:rotten_flesh":1,"minecraft:hay_block":10,"crittersandcompanions:silk":3,"minecraft:mutton":14,"minecraft:white_wool":7,"minecraft:coal":16,"iceandfire:raw_silver":3,"minecraft:cobblestone":21}},"DataVersion":3465}