{"stats":{"minecraft:crafted":{"minecraft:cooked_porkchop":1,"iceandfire:silver_ingot":2,"minecraft:crafting_table":1,"minecraft:spruce_planks":12,"minecraft:wooden_pickaxe":1,"minecraft:cooked_chicken":1,"alexsmobs:cooked_kangaroo_meat":2,"minecraft:bone_meal":6,"minecraft:bread":18,"minecraft:air":0,"minecraft:stick":4,"minecraft:stone_pickaxe":1,"minecraft:wheat":36},"minecraft:mined":{"iceandfire:silver_ore":2,"biomesoplenty:wildflower":1,"biomesoplenty:desert_grass":1,"minecraft:crafting_table":2,"minecraft:grass_block":8,"minecraft:tall_grass":9,"farmersdelight:tomatoes":1,"minecraft:spruce_leaves":1,"minecraft:hay_block":4,"minecraft:wheat":21,"minecraft:spruce_log":3,"minecraft:andesite":1,"minecraft:stripped_spruce_log":1,"minecraft:grass":8,"minecraft:oak_log":2,"minecraft:coal_ore":9,"minecraft:dirt":4,"minecraft:stone":27},"minecraft:dropped":{"minecraft:bread":12,"minecraft:wheat_seeds":36,"born_in_chaos_v1:monster_flesh":1},"minecraft:killed":{"minecraft:pig":1,"born_in_chaos_v1:baby_skeleton":1,"born_in_chaos_v1:decrepit_skeleton":2,"alexsmobs:emu":2,"minecraft:zombie":1,"born_in_chaos_v1:corpse_fly":1,"alexsmobs:gazelle":1,"alexsmobs:kangaroo":1},"minecraft:used":{"alexsmobs:emu_egg":2,"minecraft:wheat_seeds":21,"minecraft:stone_sword":43,"minecraft:stone_pickaxe":19,"minecraft:wooden_pickaxe":24,"minecraft:cooked_chicken":1,"minecraft:dirt":7,"minecraft:mutton":1,"minecraft:crafting_table":2,"alexsmobs:cooked_kangaroo_meat":2,"biomesoplenty:wildflower":1,"minecraft:stripped_spruce_log":1,"born_in_chaos_v1:corpse_maggot":1,"minecraft:bread":6,"minecraft:cobblestone":16,"minecraft:cooked_porkchop":1,"minecraft:andesite":1,"farmersdelight:tomato_seeds":1,"minecraft:bone_meal":2},"minecraft:custom":{"minecraft:interact_with_furnace":7,"minecraft:mob_kills":10,"minecraft:interact_with_crafting_table":3,"minecraft:open_barrel":3,"minecraft:damage_dealt_resisted":2,"minecraft:time_since_death":8085,"minecraft:time_since_rest":8115,"minecraft:sprint_one_cm":146397,"minecraft:damage_taken":1282,"minecraft:walk_one_cm":396583,"minecraft:trigger_trapped_chest":1,"minecraft:drop":16,"minecraft:damage_dealt":1956,"minecraft:fly_one_cm":140241,"minecraft:crouch_one_cm":10113,"minecraft:play_time":54336,"minecraft:deaths":2,"minecraft:sneak_time":1837,"minecraft:jump":645,"minecraft:total_world_time":54336,"minecraft:interact_with_smoker":6,"minecraft:fall_one_cm":18719},"minecraft:picked_up":{"born_in_chaos_v1:corpse_maggot":1,"minecraft:crafting_table":2,"minecraft:wheat":20,"minecraft:feather":1,"born_in_chaos_v1:monster_flesh":1,"minecraft:andesite":1,"minecraft:oak_log":1,"farmersdelight:tomato":2,"minecraft:dirt":8,"born_in_chaos_v1:monster_skin":1,"minecraft:bone":4,"minecraft:wheat_seeds":62,"alexsmobs:emu_feather":1,"biomesoplenty:wildflower":1,"iceandfire:dragonbone":27,"minecraft:porkchop":1,"farmersdelight:tomato_seeds":1,"minecraft:stripped_spruce_log":2,"minecraft:spruce_log":3,"alexsmobs:kangaroo_hide":2,"minecraft:rotten_flesh":2,"minecraft:hay_block":4,"alexsmobs:emu_egg":2,"minecraft:mutton":1,"minecraft:cobblestone":27,"minecraft:coal":9,"alexsmobs:kangaroo_meat":2,"iceandfire:raw_silver":2}},"DataVersion":3465}