{"stats":{"minecraft:mined":{"minecraft:sand":1},"minecraft:used":{"alexsmobs:animal_dictionary":2,"minecraft:sand":1},"minecraft:custom":{"minecraft:jump":65,"minecraft:time_since_rest":8916,"minecraft:crouch_one_cm":88,"minecraft:leave_game":2,"minecraft:play_time":8916,"minecraft:sprint_one_cm":14391,"minecraft:time_since_death":8916,"minecraft:walk_one_cm":15081,"minecraft:sneak_time":22,"minecraft:total_world_time":8916,"minecraft:fall_one_cm":1256,"minecraft:drop":1,"minecraft:fly_one_cm":12387},"minecraft:dropped":{"alexsmobs:animal_dictionary":1},"minecraft:picked_up":{"minecraft:sand":1,"alexsmobs:animal_dictionary":2}},"DataVersion":3465}