{"stats":{"minecraft:mined":{"minecraft:sand":1,"minecraft:bee_nest":1},"minecraft:killed":{"minecraft:sheep":1},"minecraft:used":{"minecraft:sand":1,"minecraft:mutton":1,"alexsmobs:animal_dictionary":2},"minecraft:custom":{"minecraft:time_since_rest":920,"minecraft:crouch_one_cm":118,"minecraft:sprint_one_cm":38362,"minecraft:play_time":17604,"minecraft:deaths":2,"minecraft:damage_taken":735,"minecraft:walk_one_cm":64857,"minecraft:sneak_time":99,"minecraft:walk_under_water_one_cm":6248,"minecraft:mob_kills":1,"minecraft:drop":2,"minecraft:jump":151,"minecraft:damage_dealt":108,"minecraft:walk_on_water_one_cm":2397,"minecraft:leave_game":3,"minecraft:time_since_death":893,"minecraft:total_world_time":17604,"minecraft:swim_one_cm":1104,"minecraft:fall_one_cm":3470,"minecraft:fly_one_cm":23837},"minecraft:dropped":{"alexsmobs:animal_dictionary":1,"minecraft:mutton":1},"minecraft:picked_up":{"minecraft:birch_log":1,"minecraft:stick":1,"crittersandcompanions:silk":3,"minecraft:sand":1,"minecraft:light_gray_wool":1,"minecraft:mutton":2,"alexsmobs:animal_dictionary":2}},"DataVersion":3465}