{"stats":{"minecraft:crafted":{"minecraft:cooked_porkchop":1,"minecraft:crafting_table":1,"minecraft:spruce_planks":12,"minecraft:stick":4,"minecraft:wooden_pickaxe":1,"minecraft:cooked_chicken":1,"minecraft:stone_pickaxe":1,"minecraft:bread":18,"minecraft:air":0,"minecraft:wheat":36},"minecraft:mined":{"minecraft:hay_block":4,"iceandfire:silver_ore":2,"minecraft:wheat":20,"biomesoplenty:wildflower":1,"biomesoplenty:desert_grass":1,"minecraft:spruce_log":3,"minecraft:andesite":1,"minecraft:crafting_table":2,"minecraft:grass":7,"minecraft:coal_ore":9,"minecraft:grass_block":8,"minecraft:oak_log":2,"minecraft:dirt":4,"minecraft:tall_grass":9,"minecraft:spruce_leaves":1,"minecraft:stone":21},"minecraft:dropped":{"born_in_chaos_v1:monster_flesh":1,"minecraft:wheat_seeds":36,"minecraft:bread":12},"minecraft:killed":{"minecraft:zombie":1,"minecraft:pig":1,"born_in_chaos_v1:corpse_fly":1,"alexsmobs:gazelle":1,"alexsmobs:kangaroo":1,"alexsmobs:emu":2},"minecraft:used":{"alexsmobs:emu_egg":2,"minecraft:wheat_seeds":20,"born_in_chaos_v1:corpse_maggot":1,"minecraft:stone_sword":22,"minecraft:bread":4,"minecraft:stone_pickaxe":19,"minecraft:wooden_pickaxe":18,"minecraft:cooked_chicken":1,"minecraft:dirt":7,"minecraft:mutton":1,"minecraft:cobblestone":13,"minecraft:crafting_table":2,"minecraft:cooked_porkchop":1,"minecraft:andesite":1,"biomesoplenty:wildflower":1},"minecraft:picked_up":{"born_in_chaos_v1:corpse_maggot":1,"minecraft:crafting_table":2,"minecraft:wheat":19,"minecraft:feather":1,"born_in_chaos_v1:monster_flesh":1,"minecraft:andesite":1,"minecraft:porkchop":1,"minecraft:oak_log":1,"minecraft:spruce_log":3,"minecraft:dirt":8,"born_in_chaos_v1:monster_skin":1,"alexsmobs:kangaroo_hide":2,"alexsmobs:emu_feather":1,"minecraft:wheat_seeds":57,"minecraft:hay_block":4,"alexsmobs:emu_egg":2,"iceandfire:dragonbone":27,"alexsmobs:kangaroo_meat":2,"biomesoplenty:wildflower":1,"minecraft:mutton":1,"minecraft:coal":9,"iceandfire:raw_silver":2,"minecraft:cobblestone":21},"minecraft:custom":{"minecraft:time_since_rest":7539,"minecraft:interact_with_furnace":4,"minecraft:sprint_one_cm":110227,"minecraft:damage_taken":760,"minecraft:walk_one_cm":264196,"minecraft:trigger_trapped_chest":1,"minecraft:mob_kills":7,"minecraft:drop":16,"minecraft:damage_dealt":1218,"minecraft:interact_with_crafting_table":3,"minecraft:fly_one_cm":106221,"minecraft:open_barrel":1,"minecraft:crouch_one_cm":9963,"minecraft:play_time":42336,"minecraft:deaths":1,"minecraft:sneak_time":1771,"minecraft:jump":513,"minecraft:time_since_death":7489,"minecraft:total_world_time":42336,"minecraft:fall_one_cm":14385}},"DataVersion":3465}