{"stats":{"minecraft:mined":{"minecraft:dark_oak_planks":2,"minecraft:tuff":2,"minecraft:spruce_planks":2,"iceandfire:silver_ore":2,"minecraft:deepslate_diamond_ore":2,"biomesoplenty:desert_grass":1,"born_in_chaos_v1:infected_diamond_ore":1,"minecraft:granite":17,"minecraft:grass_block":16,"born_in_chaos_v1:black_argillite":11,"travelersbackpack:white_sleeping_bag":7,"farmersdelight:tomatoes":4,"minecraft:spruce_leaves":1,"minecraft:spawner":3,"minecraft:hay_block":12,"minecraft:black_stained_glass_pane":2,"minecraft:furnace":4,"minecraft:iron_ore":113,"minecraft:cobbled_deepslate":1,"minecraft:fire":5,"minecraft:andesite":12,"minecraft:stripped_spruce_log":2,"minecraft:stripped_dark_oak_wood":1,"minecraft:azure_bluet":1,"minecraft:potatoes":16,"biomesoplenty:high_grass":16,"minecraft:deepslate_iron_ore":47,"crittersandcompanions:silk_cocoon":1,"minecraft:stripped_mangrove_wood":1,"minecraft:stone":112,"farmersdelight:organic_compost":1,"biomesoplenty:wildflower":1,"minecraft:crafting_table":5,"minecraft:torch":9,"minecraft:nether_brick_slab":1,"biomesoplenty:high_grass_plant":18,"minecraft:copper_ore":1,"minecraft:tall_grass":12,"born_in_chaos_v1:chipped_black_argillite_brick":1,"minecraft:cyan_bed":1,"minecraft:wall_torch":14,"farmersdelight:wild_beetroots":1,"minecraft:chain":2,"minecraft:wheat":25,"minecraft:spruce_log":3,"minecraft:grass":9,"minecraft:oak_log":6,"minecraft:coal_ore":18,"minecraft:gravel":1,"minecraft:dirt":9,"minecraft:oak_leaves":21,"minecraft:deepslate":36},"minecraft:crafted":{"minecraft:oak_planks":20,"minecraft:coal":9,"minecraft:cooked_chicken":1,"minecraft:furnace":1,"minecraft:bone_meal":15,"travelersbackpack:white_sleeping_bag":1,"minecraft:iron_boots":1,"minecraft:stone_pickaxe":1,"minecraft:wheat":72,"minecraft:cooked_cod":13,"iceandfire:silver_ingot":2,"minecraft:cooked_porkchop":6,"minecraft:crafting_table":3,"minecraft:spruce_planks":24,"minecraft:iron_helmet":1,"minecraft:baked_potato":43,"minecraft:wooden_pickaxe":1,"alexsmobs:cooked_kangaroo_meat":2,"minecraft:iron_sword":2,"minecraft:golden_pickaxe":1,"minecraft:bucket":1,"minecraft:bread":35,"minecraft:air":0,"minecraft:iron_chestplate":1,"minecraft:stick":32,"born_in_chaos_v1:smoked_flesh":4,"minecraft:iron_ingot":47,"minecraft:iron_pickaxe":1,"minecraft:iron_leggings":1,"minecraft:torch":48},"minecraft:picked_up":{"minecraft:crafting_table":5,"minecraft:wheat":20,"minecraft:chainmail_boots":1,"born_in_chaos_v1:seedof_chaos":1,"minecraft:wooden_pickaxe":1,"minecraft:chain":2,"born_in_chaos_v1:black_argillite":3,"zesshou_echoes_of_the_forlorn:possesed_potion":1,"minecraft:string":6,"minecraft:iron_leggings":1,"alexsmobs:emu_feather":1,"minecraft:cobbled_deepslate":61,"born_in_chaos_v1:stimulating_decoction":2,"biomesoplenty:wildflower":1,"farmersdelight:cabbage_seeds":4,"minecraft:mangrove_log":1,"minecraft:furnace":4,"minecraft:raw_iron":169,"iceandfire:dragonbone":27,"minecraft:stripped_mangrove_wood":1,"minecraft:torch":32,"minecraft:porkchop":16,"farmersdelight:tomato_seeds":8,"minecraft:diorite":4,"born_in_chaos_v1:pieceofdarkmetal":4,"minecraft:carrot":11,"minecraft:redstone":2,"minecraft:dark_oak_planks":2,"minecraft:arrow":3,"minecraft:rotten_flesh":18,"minecraft:cooked_cod":3,"minecraft:beetroot_seeds":1,"minecraft:hay_block":12,"minecraft:stripped_dark_oak_wood":1,"alexsmobs:emu_egg":2,"minecraft:mutton":2,"minecraft:blaze_powder":1,"alexsmobs:kangaroo_meat":2,"minecraft:white_wool":3,"minecraft:cobblestone":108,"born_in_chaos_v1:corpse_maggot":14,"minecraft:feather":1,"born_in_chaos_v1:monster_flesh":2,"minecraft:andesite":18,"minecraft:potato":14,"minecraft:tuff":2,"minecraft:oak_log":5,"farmersdelight:tomato":8,"minecraft:dirt":15,"minecraft:white_banner":1,"born_in_chaos_v1:monster_skin":4,"farmersdelight:organic_compost":1,"minecraft:bone":21,"minecraft:wheat_seeds":79,"minecraft:iron_ingot":11,"minecraft:stone_pickaxe":1,"born_in_chaos_v1:chipped_black_argillite_brick":1,"minecraft:dark_oak_sign":4,"minecraft:glass_bottle":1,"minecraft:iron_sword":2,"minecraft:dark_oak_stairs":1,"born_in_chaos_v1:ethereal_spirit":3,"minecraft:stripped_spruce_log":3,"minecraft:spruce_log":4,"minecraft:nether_brick_slab":1,"minecraft:cyan_bed":1,"minecraft:spider_eye":1,"travelersbackpack:white_sleeping_bag":7,"artifacts:helium_flamingo":1,"alexsmobs:kangaroo_hide":2,"minecraft:slime_ball":1,"born_in_chaos_v1:fire_dust":7,"minecraft:diamond":2,"minecraft:granite":15,"minecraft:bone_meal":8,"minecraft:bread":2,"minecraft:emerald":5,"alexsmobs:maggot":1,"minecraft:coal":18,"minecraft:crimson_roots":1,"iceandfire:raw_silver":2},"minecraft:dropped":{"minecraft:iron_ingot":7,"minecraft:bread":12,"minecraft:wheat_seeds":55,"minecraft:baked_potato":1,"minecraft:glass_bottle":2,"minecraft:poisonous_potato":1,"minecraft:cobblestone":5,"minecraft:granite":3,"minecraft:stick":2,"born_in_chaos_v1:monster_flesh":1,"born_in_chaos_v1:black_argillite":3,"minecraft:torch":10,"minecraft:mutton":1,"minecraft:crimson_roots":1,"minecraft:cooked_cod":3,"minecraft:bone_meal":12,"minecraft:redstone":2,"minecraft:bone":1,"alexsmobs:animal_dictionary":1,"minecraft:cobbled_deepslate":24,"minecraft:tuff":2,"minecraft:raw_iron":12,"born_in_chaos_v1:ethereal_spirit":1,"minecraft:beetroot":3,"minecraft:rotten_flesh":23,"born_in_chaos_v1:smoked_flesh":12,"born_in_chaos_v1:seedof_chaos":1,"minecraft:andesite":17,"minecraft:beetroot_seeds":1,"iceandfire:silver_ingot":2,"born_in_chaos_v1:corpse_maggot":9,"minecraft:spider_eye":1,"minecraft:slime_ball":1,"minecraft:stone_pickaxe":2,"minecraft:wooden_pickaxe":2,"farmersdelight:tomato":2},"minecraft:broken":{"minecraft:stone_sword":1,"minecraft:iron_sword":1,"minecraft:iron_pickaxe":1,"minecraft:golden_pickaxe":1},"minecraft:killed_by":{"minecraft:husk":1},"minecraft:custom":{"minecraft:interact_with_smithing_table":1,"minecraft:mob_kills":80,"minecraft:interact_with_crafting_table":28,"minecraft:open_barrel":47,"goblintraders:trade_with_goblin":18,"minecraft:damage_dealt_resisted":4576,"minecraft:eat_cake_slice":11,"minecraft:leave_game":6,"minecraft:time_since_death":37163,"minecraft:climb_one_cm":4473,"minecraft:sprint_one_cm":632114,"minecraft:walk_one_cm":976815,"minecraft:drop":81,"minecraft:talked_to_villager":8,"minecraft:play_time":206664,"minecraft:deaths":11,"minecraft:sneak_time":6282,"minecraft:walk_under_water_one_cm":15254,"minecraft:interact_with_brewingstand":2,"minecraft:jump":2655,"minecraft:interact_with_blast_furnace":1,"minecraft:walk_on_water_one_cm":41104,"minecraft:total_world_time":206664,"minecraft:interact_with_furnace":48,"minecraft:interact_with_cartography_table":1,"minecraft:sleep_in_bed":10,"minecraft:time_since_rest":10151,"minecraft:waystone_activated":3,"minecraft:damage_taken":7779,"minecraft:trigger_trapped_chest":1,"minecraft:damage_dealt":16040,"minecraft:swim_one_cm":100198,"minecraft:fly_one_cm":537650,"minecraft:open_chest":43,"minecraft:crouch_one_cm":21713,"minecraft:interact_with_smoker":16,"minecraft:fall_one_cm":93088},"minecraft:killed":{"born_in_chaos_v1:restless_spirit":4,"born_in_chaos_v1:zombie_lumberjack":2,"born_in_chaos_v1:door_knight_not_despawn":1,"born_in_chaos_v1:zombie_clown_not_despawn":1,"minecraft:spider":4,"born_in_chaos_v1:maggot":1,"minecraft:skeleton":3,"zesshou_echoes_of_the_forlorn:brewer_skeleton":2,"born_in_chaos_v1:skeleton_thrasher":1,"zesshou_echoes_of_the_forlorn:crying_skeleton":1,"born_in_chaos_v1:firelight_not_despawn":6,"alexsmobs:kangaroo":1,"artifacts:mimic":1,"zesshou_echoes_of_the_forlorn:deceased_zombie":1,"born_in_chaos_v1:spiritof_chaos":1,"minecraft:husk":1,"minecraft:pig":8,"born_in_chaos_v1:diamond_termite":1,"born_in_chaos_v1:spirit_guide_assistant":1,"born_in_chaos_v1:baby_skeleton":3,"born_in_chaos_v1:swarmer":1,"born_in_chaos_v1:decrepit_skeleton":3,"alexsmobs:emu":2,"minecraft:sheep":3,"minecraft:pillager":1,"minecraft:zombie":7,"born_in_chaos_v1:dread_hound":4,"born_in_chaos_v1:corpse_fly":12,"alexsmobs:gazelle":1,"alexsmobs:fly":1,"born_in_chaos_v1:door_knight":1},"minecraft:used":{"alexsmobs:emu_egg":2,"minecraft:beetroot":4,"minecraft:stone_sword":127,"minecraft:iron_sword":304,"minecraft:cooked_salmon":10,"minecraft:cooked_chicken":1,"minecraft:rotten_flesh":1,"minecraft:torch":35,"minecraft:dirt":12,"minecraft:mutton":1,"alexsmobs:cooked_kangaroo_meat":2,"minecraft:carrot":16,"zesshou_echoes_of_the_forlorn:possesed_potion":1,"minecraft:granite":12,"minecraft:stripped_spruce_log":1,"born_in_chaos_v1:corpse_maggot":5,"alexsmobs:maggot":1,"born_in_chaos_v1:smoked_flesh":5,"born_in_chaos_v1:chipped_black_argillite_brick":1,"minecraft:lava_bucket":8,"minecraft:mangrove_log":1,"born_in_chaos_v1:mint_candy":5,"minecraft:cooked_cod":13,"minecraft:furnace":3,"minecraft:potato":16,"farmersdelight:tomato_seeds":4,"minecraft:cobbled_deepslate":10,"minecraft:wheat_seeds":35,"minecraft:water_bucket":16,"minecraft:dark_oak_stairs":1,"minecraft:baked_potato":12,"minecraft:oak_planks":4,"minecraft:stone_pickaxe":100,"minecraft:dark_oak_sign":4,"minecraft:wooden_pickaxe":24,"travelersbackpack:iron_golem":1,"farmersdelight:organic_compost":1,"minecraft:crafting_table":7,"minecraft:cod":2,"biomesoplenty:wildflower":1,"minecraft:apple":1,"born_in_chaos_v1:monster_flesh":1,"minecraft:bread":22,"minecraft:cyan_bed":1,"minecraft:iron_pickaxe":250,"travelersbackpack:white_sleeping_bag":7,"minecraft:cobblestone":31,"minecraft:white_banner":1,"minecraft:cooked_porkchop":6,"minecraft:andesite":1,"minecraft:bucket":25,"minecraft:pumpkin_pie":2,"minecraft:golden_pickaxe":33,"minecraft:bone_meal":15}},"DataVersion":3465}