{"stats":{"minecraft:used":{"alexsmobs:emu_egg":1,"minecraft:cooked_mutton":4,"minecraft:stone_sword":139,"minecraft:stone_pickaxe":25,"minecraft:wooden_pickaxe":12,"minecraft:dirt":11,"minecraft:crafting_table":1,"minecraft:mushroom_stew":3,"minecraft:carrot":7,"alexsmobs:maggot":1,"minecraft:wooden_axe":31,"born_in_chaos_v1:smoked_flesh":1,"farmersdelight:tomato":2,"born_in_chaos_v1:monster_flesh":1,"minecraft:bread":5,"minecraft:chiseled_stone_bricks":1,"minecraft:cobblestone":12,"alexsmobs:animal_dictionary":1,"farmersdelight:tomato_seeds":6,"minecraft:bone_meal":12},"minecraft:crafted":{"minecraft:oak_planks":20,"minecraft:crafting_table":1,"minecraft:spruce_planks":8,"minecraft:wooden_pickaxe":1,"minecraft:bone_meal":12,"minecraft:stone_axe":1,"minecraft:cooked_mutton":4,"minecraft:air":0,"minecraft:stick":16,"born_in_chaos_v1:smoked_flesh":1,"minecraft:stone_pickaxe":2,"minecraft:wooden_axe":1,"minecraft:stone_sword":3},"minecraft:killed":{"born_in_chaos_v1:spirit_guide":1,"minecraft:husk":2,"born_in_chaos_v1:zombie_lumberjack":1,"born_in_chaos_v1:baby_skeleton":1,"born_in_chaos_v1:skeleton_demoman":1,"born_in_chaos_v1:spirit_guide_assistant":1,"minecraft:sheep":3,"iceandfire:ghost":2,"zesshou_echoes_of_the_forlorn:brewer_skeleton":2,"alexsmobs:fly":1},"minecraft:custom":{"minecraft:interact_with_furnace":8,"minecraft:mob_kills":15,"minecraft:interact_with_crafting_table":6,"minecraft:open_barrel":6,"minecraft:damage_dealt_resisted":464,"minecraft:eat_cake_slice":7,"minecraft:leave_game":4,"minecraft:time_since_death":13090,"minecraft:climb_one_cm":3859,"minecraft:time_since_rest":13116,"minecraft:sprint_one_cm":180786,"minecraft:damage_taken":1833,"minecraft:walk_one_cm":474866,"minecraft:drop":9,"minecraft:damage_dealt":4587,"minecraft:fly_one_cm":97525,"minecraft:crouch_one_cm":2895,"minecraft:play_time":68260,"minecraft:deaths":2,"minecraft:sneak_time":637,"minecraft:jump":876,"minecraft:interact_with_blast_furnace":4,"minecraft:walk_on_water_one_cm":1521,"minecraft:interact_with_smoker":8,"minecraft:total_world_time":68260,"minecraft:fall_one_cm":19457},"minecraft:broken":{"minecraft:stone_sword":1,"minecraft:wooden_axe":1},"minecraft:killed_by":{"minecraft:zombie":1},"minecraft:mined":{"minecraft:scaffolding":1,"minecraft:glass_pane":1,"biomesoplenty:wildflower":1,"biomesoplenty:desert_grass":1,"minecraft:crafting_table":1,"minecraft:grass_block":4,"minecraft:spruce_fence":1,"minecraft:spruce_leaves":1,"farmersdelight:wild_tomatoes":6,"minecraft:cyan_bed":1,"minecraft:chiseled_stone_bricks":1,"minecraft:wheat":10,"minecraft:spruce_log":2,"minecraft:stripped_spruce_log":1,"minecraft:grass":5,"minecraft:oak_log":4,"minecraft:dirt":4,"minecraft:gray_carpet":1,"minecraft:stone":31,"minecraft:oak_leaves":1},"minecraft:dropped":{"minecraft:wheat_seeds":2,"minecraft:dark_oak_sign":3,"zesshou_echoes_of_the_forlorn:cursed_potion":1,"biomesoplenty:wildflower":1,"farmersdelight:tomato":1,"minecraft:bone":1},"minecraft:picked_up":{"minecraft:crafting_table":1,"minecraft:wheat":1,"born_in_chaos_v1:monster_flesh":1,"minecraft:jungle_log":2,"minecraft:brown_wool":1,"minecraft:oak_log":5,"minecraft:gunpowder":2,"zesshou_echoes_of_the_forlorn:cursed_potion":2,"farmersdelight:tomato":8,"minecraft:dirt":11,"born_in_chaos_v1:marigolds":4,"minecraft:bone":7,"minecraft:gray_carpet":1,"minecraft:wheat_seeds":9,"minecraft:dark_oak_sign":5,"minecraft:glowstone_dust":1,"biomesoplenty:wildflower":1,"minecraft:chiseled_stone_bricks":1,"minecraft:spruce_fence":1,"farmersdelight:tomato_seeds":6,"minecraft:stripped_spruce_log":1,"minecraft:carrot":4,"minecraft:spruce_log":2,"minecraft:cyan_bed":1,"minecraft:redstone":1,"minecraft:rotten_flesh":4,"alexsmobs:emu_egg":1,"minecraft:bread":5,"alexsmobs:maggot":1,"minecraft:mutton":4,"minecraft:blaze_powder":1,"minecraft:white_wool":2,"minecraft:cobblestone":30}},"DataVersion":3465}