{"stats":{"minecraft:crafted":{"minecraft:oak_planks":20,"minecraft:crafting_table":1,"minecraft:spruce_planks":8,"minecraft:stick":16,"minecraft:wooden_pickaxe":1,"minecraft:stone_pickaxe":2,"minecraft:wooden_axe":1,"minecraft:stone_sword":2,"minecraft:stone_axe":1},"minecraft:mined":{"biomesoplenty:wildflower":1,"minecraft:spruce_log":2,"biomesoplenty:desert_grass":1,"minecraft:crafting_table":1,"minecraft:grass":2,"minecraft:grass_block":3,"minecraft:oak_log":4,"minecraft:dirt":2,"minecraft:spruce_leaves":1,"minecraft:stone":31,"minecraft:oak_leaves":1},"minecraft:dropped":{"minecraft:wheat_seeds":1,"biomesoplenty:wildflower":1,"minecraft:bone":1},"minecraft:killed_by":{"minecraft:zombie":1},"minecraft:used":{"minecraft:wooden_axe":1,"minecraft:stone_sword":4,"born_in_chaos_v1:monster_flesh":1,"minecraft:stone_pickaxe":20,"minecraft:wooden_pickaxe":12,"minecraft:dirt":8,"minecraft:crafting_table":1,"alexsmobs:animal_dictionary":1},"minecraft:picked_up":{"minecraft:crafting_table":1,"born_in_chaos_v1:monster_flesh":1,"minecraft:oak_log":5,"minecraft:spruce_log":2,"minecraft:dirt":8,"minecraft:wheat_seeds":1,"alexsmobs:emu_egg":1,"biomesoplenty:wildflower":1,"minecraft:cobblestone":30},"minecraft:custom":{"minecraft:time_since_rest":4759,"minecraft:sprint_one_cm":50242,"minecraft:damage_taken":538,"minecraft:walk_one_cm":68001,"minecraft:drop":3,"minecraft:damage_dealt":165,"minecraft:interact_with_crafting_table":5,"minecraft:fly_one_cm":33523,"minecraft:crouch_one_cm":2451,"minecraft:play_time":29623,"minecraft:deaths":1,"minecraft:sneak_time":566,"minecraft:jump":245,"minecraft:leave_game":1,"minecraft:time_since_death":4639,"minecraft:total_world_time":29623,"minecraft:fall_one_cm":10769}},"DataVersion":3465}