{"stats":{"minecraft:crafted":{"minecraft:oak_planks":64,"minecraft:fishing_rod":1,"minecraft:birch_boat":1,"minecraft:cooked_chicken":1,"minecraft:furnace":3,"minecraft:bone_meal":12,"minecraft:cooked_mutton":8,"minecraft:glass":28,"minecraft:iron_boots":1,"minecraft:birch_chest_boat":1,"minecraft:stone_pickaxe":2,"minecraft:chest":2,"minecraft:wheat":135,"minecraft:cooked_beef":2,"minecraft:cooked_porkchop":11,"minecraft:crafting_table":2,"minecraft:spruce_planks":8,"biomesoplenty:redwood_planks":108,"travelersbackpack:backpack_tank":2,"travelersbackpack:standard":1,"minecraft:iron_helmet":1,"minecraft:wooden_pickaxe":1,"minecraft:copper_ingot":5,"travelersbackpack:black_sleeping_bag":1,"minecraft:birch_planks":48,"minecraft:stone_axe":1,"minecraft:air":0,"minecraft:bread":45,"minecraft:acacia_boat":1,"farmersdelight:beef_patty":4,"minecraft:jungle_planks":8,"minecraft:iron_chestplate":1,"minecraft:stick":20,"born_in_chaos_v1:smoked_flesh":1,"minecraft:iron_ingot":41,"minecraft:gold_ingot":4,"minecraft:wooden_axe":1,"minecraft:stone_sword":4,"minecraft:iron_leggings":1,"farmersdelight:cooked_bacon":5,"minecraft:white_bed":1,"minecraft:acacia_planks":16,"minecraft:torch":4},"minecraft:picked_up":{"minecraft:crafting_table":3,"minecraft:iron_chestplate":1,"minecraft:wheat":1,"minecraft:chicken":1,"minecraft:ladder":4,"minecraft:brown_mushroom":1,"zesshou_echoes_of_the_forlorn:cursed_potion":2,"iceandfire:manuscript":1,"minecraft:string":38,"minecraft:stone_stairs":1,"minecraft:raw_copper":13,"minecraft:cooked_salmon":18,"minecraft:iron_leggings":2,"minecraft:item_frame":1,"aquaculture:bluegill":2,"minecraft:beef":15,"minecraft:redstone_torch":2,"biomesoplenty:redwood_wood":27,"biomesoplenty:wildflower":1,"minecraft:spruce_trapdoor":1,"minecraft:egg":1,"minecraft:stick":1,"minecraft:raw_iron":42,"minecraft:torch":3,"minecraft:acacia_log":6,"minecraft:spruce_fence":1,"minecraft:porkchop":11,"farmersdelight:tomato_seeds":6,"minecraft:diorite":3,"minecraft:carrot":4,"minecraft:redstone":7,"iceandfire:lightning_lily":1,"minecraft:arrow":2,"minecraft:rotten_flesh":11,"minecraft:cooked_cod":3,"crittersandcompanions:silk":5,"minecraft:hay_block":20,"alexsmobs:emu_egg":1,"minecraft:mutton":8,"minecraft:blaze_powder":1,"minecraft:white_wool":5,"minecraft:cobblestone":179,"minecraft:birch_log":12,"born_in_chaos_v1:corpse_maggot":2,"minecraft:feather":3,"born_in_chaos_v1:monster_flesh":1,"minecraft:glow_ink_sac":2,"minecraft:andesite":1,"minecraft:salmon":1,"minecraft:jungle_log":2,"minecraft:leather":5,"minecraft:brown_wool":1,"minecraft:oak_log":16,"minecraft:gunpowder":3,"farmersdelight:tomato":8,"minecraft:dirt":32,"minecraft:name_tag":1,"born_in_chaos_v1:marigolds":4,"minecraft:glass":16,"minecraft:coast_armor_trim_smithing_template":2,"minecraft:bone":17,"minecraft:gray_carpet":1,"minecraft:wheat_seeds":12,"minecraft:raw_gold":4,"minecraft:stone_pickaxe":1,"minecraft:dark_oak_sign":5,"minecraft:stripped_oak_wood":10,"aquaculture:minnow":2,"minecraft:glass_bottle":1,"minecraft:glowstone_dust":1,"minecraft:iron_sword":1,"minecraft:chiseled_stone_bricks":1,"minecraft:stone_brick_slab":2,"minecraft:sand":28,"minecraft:stripped_spruce_log":8,"minecraft:ink_sac":5,"minecraft:white_bed":5,"minecraft:spruce_log":2,"minecraft:cyan_bed":4,"minecraft:spider_eye":7,"minecraft:brewer_pottery_sherd":1,"iceandfire:lectern":2,"minecraft:granite":6,"minecraft:emerald":31,"minecraft:bread":6,"alexsmobs:maggot":1,"minecraft:oak_sapling":2,"minecraft:black_wool":1,"minecraft:coal":15,"iceandfire:raw_silver":7},"minecraft:broken":{"minecraft:stone_sword":2,"minecraft:stone_pickaxe":1,"minecraft:wooden_axe":1},"minecraft:custom":{"minecraft:interact_with_smithing_table":2,"minecraft:mob_kills":76,"minecraft:interact_with_crafting_table":33,"minecraft:open_barrel":32,"minecraft:damage_dealt_resisted":464,"minecraft:eat_cake_slice":7,"minecraft:leave_game":7,"minecraft:time_since_death":11949,"minecraft:climb_one_cm":4154,"minecraft:sprint_one_cm":616847,"minecraft:walk_one_cm":929244,"minecraft:drop":75,"minecraft:talked_to_villager":2,"minecraft:play_time":190168,"minecraft:deaths":9,"minecraft:sneak_time":2266,"minecraft:walk_under_water_one_cm":30392,"minecraft:boat_one_cm":86625,"minecraft:interact_with_lectern":1,"minecraft:jump":2657,"minecraft:interact_with_blast_furnace":7,"minecraft:walk_on_water_one_cm":53856,"minecraft:total_world_time":190168,"minecraft:interact_with_furnace":50,"minecraft:interact_with_grindstone":6,"minecraft:sleep_in_bed":12,"minecraft:time_since_rest":1036,"minecraft:waystone_activated":1,"minecraft:damage_taken":5691,"minecraft:trigger_trapped_chest":11,"minecraft:damage_dealt":16936,"minecraft:swim_one_cm":84235,"minecraft:fly_one_cm":280522,"minecraft:open_chest":75,"minecraft:crouch_one_cm":7872,"minecraft:interact_with_smoker":14,"minecraft:fall_one_cm":45930},"minecraft:used":{"alexsmobs:emu_egg":1,"minecraft:beetroot":8,"minecraft:stone_sword":369,"biomesoplenty:redwood_planks":35,"minecraft:iron_sword":180,"minecraft:cooked_salmon":6,"minecraft:cooked_chicken":1,"aquaculture:bluegill":2,"minecraft:torch":7,"minecraft:dirt":20,"minecraft:carrot":7,"minecraft:granite":6,"minecraft:wooden_axe":31,"alexsmobs:maggot":1,"born_in_chaos_v1:smoked_flesh":1,"farmersdelight:tomato":6,"minecraft:furnace":3,"minecraft:cooked_cod":2,"farmersdelight:tomato_seeds":6,"minecraft:iron_leggings":1,"minecraft:cooked_mutton":8,"minecraft:acacia_boat":1,"minecraft:birch_planks":20,"minecraft:stone_pickaxe":211,"minecraft:wooden_pickaxe":12,"minecraft:white_wool":1,"minecraft:crafting_table":5,"minecraft:mushroom_stew":4,"minecraft:white_bed":6,"minecraft:redstone_torch":1,"zesshou_echoes_of_the_forlorn:cursed_potion":1,"minecraft:iron_pickaxe":64,"born_in_chaos_v1:monster_flesh":1,"minecraft:bread":21,"minecraft:cyan_bed":4,"minecraft:chiseled_stone_bricks":1,"minecraft:stone_axe":87,"minecraft:cobblestone":16,"minecraft:cooked_porkchop":6,"alexsmobs:animal_dictionary":1,"minecraft:bone_meal":12},"minecraft:dropped":{"minecraft:wheat_seeds":11,"minecraft:glass_bottle":1,"minecraft:cobblestone":11,"zesshou_echoes_of_the_forlorn:cursed_potion":1,"minecraft:acacia_log":2,"minecraft:item_frame":1,"minecraft:dirt":11,"minecraft:cooked_salmon":10,"minecraft:iron_leggings":1,"minecraft:gold_nugget":4,"minecraft:stripped_oak_wood":5,"minecraft:redstone":6,"minecraft:stone_brick_slab":2,"minecraft:bone":4,"minecraft:stone_sword":1,"minecraft:dark_oak_sign":5,"minecraft:raw_copper":5,"minecraft:bowl":4,"minecraft:rotten_flesh":1,"minecraft:iron_boots":1,"minecraft:name_tag":1,"minecraft:spruce_fence":1,"minecraft:salmon":1,"crittersandcompanions:silk":5,"minecraft:hay_block":5,"minecraft:iron_chestplate":1,"biomesoplenty:wildflower":1,"iceandfire:lectern":1,"minecraft:spider_eye":6,"minecraft:arrow":2,"minecraft:stone_pickaxe":2,"minecraft:glass":16,"farmersdelight:tomato":1,"minecraft:black_wool":1,"minecraft:egg":1},"minecraft:killed":{"minecraft:cave_spider":4,"aquaculture:bluegill":3,"born_in_chaos_v1:zombie_lumberjack":2,"born_in_chaos_v1:skeleton_demoman":1,"minecraft:spider":2,"born_in_chaos_v1:maggot":3,"minecraft:skeleton":3,"alexsmobs:leafcutter_ant":1,"minecraft:chicken":1,"zesshou_echoes_of_the_forlorn:brewer_skeleton":3,"born_in_chaos_v1:spirit_guide":1,"minecraft:husk":7,"minecraft:pig":5,"born_in_chaos_v1:baby_skeleton":1,"born_in_chaos_v1:spirit_guide_assistant":1,"born_in_chaos_v1:decrepit_skeleton":2,"minecraft:sheep":6,"aquaculture:minnow":2,"minecraft:zombie":4,"iceandfire:ghost":13,"born_in_chaos_v1:corpse_fly":2,"alexsmobs:fly":1,"alexsmobs:crow":1,"minecraft:cow":6},"minecraft:killed_by":{"minecraft:zombie":1,"iceandfire:ghost":1},"minecraft:mined":{"iceandfire:lightning_lily":1,"minecraft:white_bed":5,"iceandfire:silver_ore":7,"alexsmobs:leafcutter_anthill":1,"biomesoplenty:desert_grass":1,"minecraft:spruce_trapdoor":1,"minecraft:granite":6,"minecraft:acacia_log":4,"minecraft:grass_block":10,"minecraft:spruce_fence":1,"iceandfire:lectern":1,"minecraft:spruce_leaves":1,"minecraft:chiseled_stone_bricks":1,"minecraft:spawner":1,"minecraft:hay_block":20,"minecraft:iron_ore":42,"minecraft:orange_stained_glass_pane":2,"minecraft:andesite":2,"minecraft:stripped_spruce_log":8,"minecraft:dirt_path":2,"crittersandcompanions:silk_cocoon":1,"biomesoplenty:spider_egg":1,"minecraft:stone":181,"minecraft:podzol":2,"minecraft:scaffolding":1,"minecraft:glass_pane":6,"biomesoplenty:wildflower":1,"minecraft:stone_brick_slab":2,"minecraft:crafting_table":3,"minecraft:copper_ore":5,"minecraft:cobblestone":1,"minecraft:deepslate_coal_ore":1,"minecraft:cyan_bed":4,"farmersdelight:wild_tomatoes":6,"minecraft:diorite":3,"minecraft:wall_torch":1,"minecraft:stone_stairs":1,"minecraft:redstone_torch":2,"minecraft:birch_log":12,"minecraft:wheat":10,"minecraft:stripped_oak_wood":5,"minecraft:spruce_log":2,"minecraft:birch_leaves":2,"minecraft:grass":9,"minecraft:oak_log":21,"minecraft:coal_ore":16,"minecraft:sand":28,"minecraft:dirt":14,"minecraft:gray_carpet":1,"minecraft:cobweb":18,"biomesoplenty:redwood_wood":27,"minecraft:gold_ore":4,"minecraft:oak_leaves":22}},"DataVersion":3465}