{"stats":{"minecraft:crafted":{"minecraft:oak_planks":20,"minecraft:crafting_table":1,"minecraft:spruce_planks":8,"minecraft:stick":16,"minecraft:wooden_pickaxe":1,"minecraft:stone_pickaxe":2,"minecraft:wooden_axe":1,"minecraft:stone_sword":2,"minecraft:stone_axe":1,"minecraft:air":0,"minecraft:cooked_mutton":4},"minecraft:mined":{"minecraft:wheat":10,"biomesoplenty:wildflower":1,"minecraft:spruce_log":2,"biomesoplenty:desert_grass":1,"minecraft:crafting_table":1,"minecraft:grass":5,"minecraft:spruce_fence":1,"minecraft:grass_block":4,"minecraft:oak_log":4,"minecraft:dirt":4,"minecraft:spruce_leaves":1,"farmersdelight:wild_tomatoes":6,"minecraft:stone":31,"minecraft:oak_leaves":1},"minecraft:dropped":{"minecraft:wheat_seeds":2,"biomesoplenty:wildflower":1,"farmersdelight:tomato":1,"minecraft:bone":1},"minecraft:killed_by":{"minecraft:zombie":1},"minecraft:killed":{"minecraft:sheep":3,"iceandfire:ghost":2,"alexsmobs:fly":1},"minecraft:used":{"alexsmobs:emu_egg":1,"minecraft:cooked_mutton":2,"minecraft:wooden_axe":2,"alexsmobs:maggot":1,"minecraft:stone_sword":22,"born_in_chaos_v1:monster_flesh":1,"minecraft:bread":3,"minecraft:stone_pickaxe":20,"minecraft:wooden_pickaxe":12,"minecraft:dirt":11,"minecraft:cobblestone":12,"minecraft:crafting_table":1,"alexsmobs:animal_dictionary":1,"farmersdelight:tomato_seeds":6},"minecraft:picked_up":{"minecraft:crafting_table":1,"minecraft:wheat":1,"born_in_chaos_v1:monster_flesh":1,"minecraft:brown_wool":1,"minecraft:spruce_fence":1,"farmersdelight:tomato_seeds":6,"minecraft:oak_log":5,"minecraft:spruce_log":2,"farmersdelight:tomato":2,"minecraft:dirt":11,"minecraft:wheat_seeds":9,"minecraft:bread":5,"alexsmobs:emu_egg":1,"alexsmobs:maggot":1,"biomesoplenty:wildflower":1,"minecraft:mutton":4,"minecraft:white_wool":2,"minecraft:cobblestone":30},"minecraft:custom":{"minecraft:time_since_rest":16759,"minecraft:interact_with_furnace":3,"minecraft:sprint_one_cm":82132,"minecraft:damage_taken":708,"minecraft:walk_one_cm":206675,"minecraft:mob_kills":6,"minecraft:drop":5,"minecraft:damage_dealt":713,"minecraft:interact_with_crafting_table":5,"minecraft:fly_one_cm":53880,"minecraft:open_barrel":1,"minecraft:crouch_one_cm":2895,"minecraft:play_time":41623,"minecraft:deaths":1,"minecraft:sneak_time":612,"minecraft:jump":542,"minecraft:leave_game":1,"minecraft:time_since_death":16639,"minecraft:interact_with_smoker":1,"minecraft:total_world_time":41623,"minecraft:fall_one_cm":13689}},"DataVersion":3465}