{"stats":{"minecraft:killed":{"born_in_chaos_v1:maggot":2,"minecraft:sheep":3,"minecraft:cow":1},"minecraft:used":{"alexsmobs:emu_egg":1,"minecraft:calcite":7,"minecraft:wheat_seeds":19,"minecraft:cooked_mutton":1,"minecraft:dark_oak_sign":1,"minecraft:chest":1,"minecraft:wooden_pickaxe":15,"minecraft:cooked_chicken":1,"minecraft:dirt":21,"minecraft:mutton":2,"minecraft:crafting_table":2,"minecraft:mushroom_stew":2,"minecraft:cake":5,"born_in_chaos_v1:smoked_flesh":1,"minecraft:apple":9,"minecraft:cyan_bed":1,"minecraft:bread":8,"simplyswords:soulkeeper":2,"minecraft:wooden_sword":28,"minecraft:beef":2},"minecraft:crafted":{"minecraft:wooden_sword":1,"minecraft:crafting_table":2,"minecraft:spruce_planks":24,"minecraft:wooden_pickaxe":1,"minecraft:cooked_chicken":1,"minecraft:bread":4,"minecraft:cooked_mutton":2,"minecraft:air":0,"minecraft:stick":4,"born_in_chaos_v1:smoked_flesh":1,"minecraft:chest":1},"minecraft:killed_by":{"minecraft:husk":1},"minecraft:picked_up":{"iceandfire:dragon_skull_lightning":1,"minecraft:wheat":13,"born_in_chaos_v1:monster_flesh":1,"minecraft:oak_log":3,"minecraft:dirt":21,"minecraft:moss_carpet":3,"born_in_chaos_v1:monster_skin":1,"minecraft:wheat_seeds":37,"minecraft:beef":2,"minecraft:dark_oak_sign":3,"minecraft:calcite":7,"biomesoplenty:toadstool":1,"iceandfire:dragonbone":27,"minecraft:stripped_spruce_log":4,"minecraft:spruce_log":2,"minecraft:cyan_bed":2,"alexsmobs:emu_egg":1,"minecraft:bread":4,"minecraft:black_wool":1,"minecraft:coal":1,"minecraft:mutton":4,"minecraft:white_wool":2},"minecraft:dropped":{"minecraft:dark_oak_sign":2,"minecraft:carrot":8,"born_in_chaos_v1:monster_flesh":1,"born_in_chaos_v1:monster_skin":1,"iceandfire:dragonbone":27},"minecraft:custom":{"minecraft:interact_with_furnace":12,"minecraft:mob_kills":6,"minecraft:interact_with_crafting_table":8,"minecraft:open_barrel":21,"minecraft:eat_cake_slice":5,"minecraft:leave_game":3,"minecraft:time_since_death":5892,"minecraft:climb_one_cm":2798,"minecraft:damage_resisted":60,"minecraft:time_since_rest":5938,"minecraft:sprint_one_cm":262904,"minecraft:damage_taken":3455,"minecraft:walk_one_cm":374249,"minecraft:drop":39,"minecraft:damage_dealt":1060,"minecraft:swim_one_cm":1877,"minecraft:fly_one_cm":252550,"minecraft:open_chest":5,"minecraft:crouch_one_cm":2538,"minecraft:play_time":60340,"minecraft:deaths":8,"minecraft:sneak_time":381,"minecraft:walk_under_water_one_cm":3610,"minecraft:jump":1185,"minecraft:interact_with_blast_furnace":4,"minecraft:walk_on_water_one_cm":7465,"minecraft:interact_with_smoker":7,"minecraft:total_world_time":60340,"minecraft:fall_one_cm":28251},"minecraft:mined":{"minecraft:hanging_roots":1,"biomesoplenty:wildflower":1,"minecraft:acacia_log":1,"minecraft:grass_block":6,"minecraft:calcite":7,"minecraft:cyan_bed":2,"minecraft:spawner":1,"minecraft:wheat":15,"minecraft:spruce_log":2,"minecraft:moss_carpet":1,"minecraft:stripped_spruce_log":5,"minecraft:dark_oak_stairs":1,"minecraft:grass":2,"minecraft:oak_log":4,"minecraft:coal_ore":1,"minecraft:dirt":14}},"DataVersion":3465}