{"stats":{"minecraft:killed":{"minecraft:pig":2,"born_in_chaos_v1:door_knight_not_despawn":1,"born_in_chaos_v1:decrepit_skeleton":2,"born_in_chaos_v1:maggot":2,"minecraft:sheep":3,"born_in_chaos_v1:corpse_fly":1,"minecraft:cow":1},"minecraft:used":{"alexsmobs:emu_egg":1,"minecraft:calcite":7,"minecraft:wheat_seeds":19,"minecraft:cooked_mutton":1,"minecraft:mossy_stone_bricks":1,"minecraft:dark_oak_sign":1,"minecraft:oak_planks":4,"minecraft:spruce_planks":6,"minecraft:chest":1,"minecraft:wooden_pickaxe":30,"minecraft:iron_sword":51,"minecraft:cooked_chicken":1,"minecraft:cracked_stone_bricks":1,"call_of_yucutan:polished_red_limestone":1,"minecraft:mossy_cobblestone":1,"minecraft:dirt":24,"minecraft:mutton":2,"minecraft:crafting_table":4,"minecraft:mushroom_stew":2,"minecraft:carrot":9,"call_of_yucutan:ritual_rock_pillar":1,"minecraft:cake":5,"call_of_yucutan:red_limestone_tiles":1,"born_in_chaos_v1:smoked_flesh":2,"call_of_yucutan:chiseled_red_limestone":1,"minecraft:apple":9,"minecraft:cyan_bed":3,"minecraft:bread":8,"minecraft:iron_pickaxe":5,"simplyswords:soulkeeper":2,"minecraft:stone_bricks":1,"minecraft:wooden_sword":31,"minecraft:cobblestone":12,"minecraft:beef":2,"minecraft:furnace":1,"minecraft:pumpkin_pie":1},"minecraft:crafted":{"minecraft:wooden_sword":2,"minecraft:oak_planks":20,"minecraft:crafting_table":4,"minecraft:spruce_planks":24,"minecraft:wooden_pickaxe":2,"minecraft:cooked_chicken":1,"minecraft:iron_sword":1,"minecraft:furnace":1,"minecraft:bread":4,"minecraft:cooked_mutton":2,"minecraft:air":0,"minecraft:stick":16,"born_in_chaos_v1:smoked_flesh":1,"minecraft:iron_pickaxe":1,"minecraft:wooden_axe":1,"minecraft:chest":1},"minecraft:killed_by":{"minecraft:husk":1},"minecraft:picked_up":{"born_in_chaos_v1:corpse_maggot":2,"iceandfire:dragon_skull_lightning":1,"minecraft:wheat":13,"born_in_chaos_v1:monster_flesh":1,"call_of_yucutan:chiseled_red_limestone":1,"call_of_yucutan:ritual_rock_pillar":1,"minecraft:oak_log":5,"minecraft:string":1,"minecraft:dirt":26,"minecraft:moss_carpet":3,"born_in_chaos_v1:monster_skin":1,"minecraft:bone":1,"minecraft:stone_bricks":1,"minecraft:cracked_stone_bricks":1,"minecraft:wheat_seeds":37,"call_of_yucutan:golden_torch":1,"minecraft:beef":2,"minecraft:dark_oak_sign":4,"minecraft:calcite":7,"minecraft:mossy_stone_bricks":1,"call_of_yucutan:polished_red_limestone":1,"biomesoplenty:toadstool":4,"born_in_chaos_v1:shattered_skull":1,"iceandfire:dragonbone":27,"minecraft:porkchop":5,"call_of_yucutan:red_limestone_tiles":1,"minecraft:stripped_spruce_log":4,"minecraft:carrot":1,"minecraft:spruce_log":2,"minecraft:cyan_bed":4,"minecraft:mossy_cobblestone":1,"minecraft:rotten_flesh":11,"alexsmobs:emu_egg":1,"minecraft:bread":4,"minecraft:black_wool":1,"minecraft:coal":1,"minecraft:mutton":4,"minecraft:white_wool":2,"minecraft:cobblestone":9},"minecraft:dropped":{"biomesoplenty:toadstool":2,"minecraft:dark_oak_sign":2,"minecraft:rotten_flesh":4,"minecraft:carrot":8,"born_in_chaos_v1:monster_flesh":1,"born_in_chaos_v1:monster_skin":1,"iceandfire:dragonbone":27},"minecraft:custom":{"minecraft:interact_with_furnace":13,"minecraft:mob_kills":12,"minecraft:interact_with_crafting_table":13,"minecraft:open_barrel":36,"minecraft:damage_dealt_resisted":1025,"minecraft:eat_cake_slice":5,"minecraft:leave_game":3,"minecraft:time_since_death":10190,"minecraft:sleep_in_bed":3,"minecraft:climb_one_cm":5049,"minecraft:damage_resisted":60,"minecraft:time_since_rest":13108,"minecraft:sprint_one_cm":374363,"minecraft:damage_taken":4951,"minecraft:walk_one_cm":472340,"minecraft:drop":44,"minecraft:damage_dealt":2753,"minecraft:swim_one_cm":14169,"minecraft:fly_one_cm":330455,"minecraft:open_chest":21,"minecraft:crouch_one_cm":2538,"minecraft:play_time":108340,"minecraft:deaths":13,"minecraft:sneak_time":381,"minecraft:walk_under_water_one_cm":5184,"minecraft:jump":1800,"minecraft:interact_with_blast_furnace":4,"minecraft:walk_on_water_one_cm":9441,"minecraft:interact_with_smoker":7,"minecraft:total_world_time":108340,"minecraft:fall_one_cm":45045},"minecraft:mined":{"minecraft:hanging_roots":1,"minecraft:mossy_cobblestone":1,"call_of_yucutan:red_limestone_tiles":1,"biomesoplenty:wildflower":1,"minecraft:acacia_log":1,"minecraft:grass_block":10,"minecraft:calcite":7,"call_of_yucutan:chiseled_red_limestone":1,"call_of_yucutan:golden_torch_wall":1,"minecraft:cobblestone":6,"minecraft:cyan_bed":4,"call_of_yucutan:polished_red_limestone":1,"minecraft:spawner":4,"minecraft:wheat":15,"minecraft:spruce_log":2,"minecraft:moss_carpet":1,"minecraft:stripped_spruce_log":5,"minecraft:dark_oak_stairs":1,"minecraft:grass":2,"minecraft:oak_log":5,"minecraft:coal_ore":1,"call_of_yucutan:ritual_rock_pillar":1,"minecraft:dirt":15,"minecraft:cobweb":1,"minecraft:cracked_stone_bricks":1,"minecraft:stone":3,"minecraft:stone_bricks":1,"minecraft:mossy_stone_bricks":1,"minecraft:cake":1}},"DataVersion":3465}