{"stats":{"minecraft:crafted":{"minecraft:wooden_sword":1,"minecraft:crafting_table":2,"minecraft:spruce_planks":24,"minecraft:stick":4,"born_in_chaos_v1:smoked_flesh":1,"minecraft:wooden_pickaxe":1,"minecraft:cooked_chicken":1,"minecraft:chest":1,"minecraft:bread":3,"minecraft:air":0},"minecraft:mined":{"minecraft:wheat":9,"minecraft:spruce_log":2,"minecraft:stripped_spruce_log":5,"minecraft:grass":1,"minecraft:acacia_log":1,"minecraft:grass_block":5,"minecraft:dirt":14},"minecraft:dropped":{"born_in_chaos_v1:monster_flesh":1,"born_in_chaos_v1:monster_skin":1,"iceandfire:dragonbone":27},"minecraft:killed":{"minecraft:sheep":2,"minecraft:cow":1},"minecraft:used":{"minecraft:wheat_seeds":9,"born_in_chaos_v1:smoked_flesh":1,"minecraft:bread":6,"minecraft:chest":1,"minecraft:wooden_pickaxe":5,"minecraft:cooked_chicken":1,"minecraft:wooden_sword":12,"minecraft:dirt":20,"minecraft:mutton":2,"minecraft:beef":2,"minecraft:crafting_table":2},"minecraft:custom":{"minecraft:time_since_rest":79,"minecraft:interact_with_furnace":9,"minecraft:sprint_one_cm":105790,"minecraft:damage_taken":780,"minecraft:walk_one_cm":247932,"minecraft:mob_kills":3,"minecraft:drop":29,"minecraft:damage_dealt":364,"minecraft:interact_with_crafting_table":6,"minecraft:fly_one_cm":124188,"minecraft:open_barrel":1,"minecraft:open_chest":1,"minecraft:crouch_one_cm":1636,"minecraft:play_time":34656,"minecraft:deaths":2,"minecraft:sneak_time":220,"minecraft:walk_under_water_one_cm":1922,"minecraft:jump":746,"minecraft:leave_game":1,"minecraft:walk_on_water_one_cm":1048,"minecraft:time_since_death":54,"minecraft:interact_with_smoker":4,"minecraft:total_world_time":34656,"minecraft:fall_one_cm":16349},"minecraft:picked_up":{"iceandfire:dragon_skull_lightning":1,"iceandfire:dragonbone":27,"minecraft:wheat":9,"born_in_chaos_v1:monster_flesh":1,"minecraft:stripped_spruce_log":4,"minecraft:spruce_log":2,"minecraft:dirt":20,"born_in_chaos_v1:monster_skin":1,"minecraft:wheat_seeds":24,"minecraft:beef":2,"minecraft:bread":4,"minecraft:black_wool":1,"minecraft:mutton":2,"minecraft:white_wool":1}},"DataVersion":3465}