{"stats":{"minecraft:killed":{"born_in_chaos_v1:maggot":2,"minecraft:sheep":3,"minecraft:cow":1},"minecraft:used":{"alexsmobs:emu_egg":1,"minecraft:calcite":7,"minecraft:wheat_seeds":19,"minecraft:cooked_mutton":1,"minecraft:mossy_stone_bricks":1,"minecraft:dark_oak_sign":1,"minecraft:oak_planks":4,"minecraft:chest":1,"minecraft:wooden_pickaxe":28,"minecraft:cooked_chicken":1,"minecraft:cracked_stone_bricks":1,"minecraft:mossy_cobblestone":1,"minecraft:dirt":22,"minecraft:mutton":2,"minecraft:crafting_table":4,"minecraft:mushroom_stew":2,"minecraft:cake":5,"born_in_chaos_v1:smoked_flesh":1,"minecraft:apple":9,"minecraft:cyan_bed":2,"minecraft:bread":8,"simplyswords:soulkeeper":2,"minecraft:stone_bricks":1,"minecraft:wooden_sword":31,"minecraft:cobblestone":12,"minecraft:beef":2,"minecraft:furnace":1,"minecraft:pumpkin_pie":1},"minecraft:crafted":{"minecraft:wooden_sword":2,"minecraft:oak_planks":20,"minecraft:crafting_table":4,"minecraft:spruce_planks":24,"minecraft:wooden_pickaxe":2,"minecraft:cooked_chicken":1,"minecraft:furnace":1,"minecraft:bread":4,"minecraft:cooked_mutton":2,"minecraft:air":0,"minecraft:stick":16,"born_in_chaos_v1:smoked_flesh":1,"minecraft:wooden_axe":1,"minecraft:chest":1},"minecraft:killed_by":{"minecraft:husk":1},"minecraft:picked_up":{"iceandfire:dragon_skull_lightning":1,"minecraft:wheat":13,"born_in_chaos_v1:monster_flesh":1,"minecraft:oak_log":5,"minecraft:string":1,"minecraft:dirt":22,"minecraft:moss_carpet":3,"born_in_chaos_v1:monster_skin":1,"minecraft:stone_bricks":1,"minecraft:cracked_stone_bricks":1,"minecraft:wheat_seeds":37,"minecraft:beef":2,"minecraft:dark_oak_sign":4,"minecraft:calcite":7,"minecraft:mossy_stone_bricks":1,"biomesoplenty:toadstool":2,"iceandfire:dragonbone":27,"minecraft:stripped_spruce_log":4,"minecraft:spruce_log":2,"minecraft:cyan_bed":3,"minecraft:mossy_cobblestone":1,"alexsmobs:emu_egg":1,"minecraft:bread":4,"minecraft:black_wool":1,"minecraft:coal":1,"minecraft:mutton":4,"minecraft:white_wool":2,"minecraft:cobblestone":9},"minecraft:dropped":{"biomesoplenty:toadstool":2,"minecraft:dark_oak_sign":2,"minecraft:carrot":8,"born_in_chaos_v1:monster_flesh":1,"born_in_chaos_v1:monster_skin":1,"iceandfire:dragonbone":27},"minecraft:custom":{"minecraft:interact_with_furnace":13,"minecraft:mob_kills":6,"minecraft:interact_with_crafting_table":11,"minecraft:open_barrel":25,"minecraft:eat_cake_slice":5,"minecraft:leave_game":3,"minecraft:time_since_death":8370,"minecraft:sleep_in_bed":1,"minecraft:climb_one_cm":3446,"minecraft:damage_resisted":60,"minecraft:time_since_rest":8100,"minecraft:sprint_one_cm":312995,"minecraft:damage_taken":3635,"minecraft:walk_one_cm":399637,"minecraft:drop":40,"minecraft:damage_dealt":1140,"minecraft:swim_one_cm":1877,"minecraft:fly_one_cm":296371,"minecraft:open_chest":7,"minecraft:crouch_one_cm":2538,"minecraft:play_time":72340,"minecraft:deaths":9,"minecraft:sneak_time":381,"minecraft:walk_under_water_one_cm":3610,"minecraft:jump":1433,"minecraft:interact_with_blast_furnace":4,"minecraft:walk_on_water_one_cm":7465,"minecraft:interact_with_smoker":7,"minecraft:total_world_time":72340,"minecraft:fall_one_cm":36512},"minecraft:mined":{"minecraft:hanging_roots":1,"minecraft:mossy_cobblestone":1,"biomesoplenty:wildflower":1,"minecraft:acacia_log":1,"minecraft:grass_block":7,"minecraft:calcite":7,"minecraft:cobblestone":6,"minecraft:cyan_bed":3,"minecraft:spawner":1,"minecraft:wheat":15,"minecraft:spruce_log":2,"minecraft:moss_carpet":1,"minecraft:stripped_spruce_log":5,"minecraft:dark_oak_stairs":1,"minecraft:grass":2,"minecraft:oak_log":5,"minecraft:coal_ore":1,"minecraft:dirt":14,"minecraft:cobweb":1,"minecraft:cracked_stone_bricks":1,"minecraft:stone":3,"minecraft:stone_bricks":1,"minecraft:mossy_stone_bricks":1,"minecraft:cake":1}},"DataVersion":3465}