{"stats":{"minecraft:used":{"minecraft:cooked_mutton":1,"minecraft:wheat_seeds":9,"born_in_chaos_v1:smoked_flesh":1,"minecraft:apple":9,"minecraft:bread":7,"minecraft:cyan_bed":1,"minecraft:dark_oak_sign":1,"minecraft:chest":1,"minecraft:wooden_pickaxe":12,"minecraft:cooked_chicken":1,"minecraft:wooden_sword":26,"minecraft:dirt":21,"minecraft:mutton":2,"minecraft:beef":2,"minecraft:crafting_table":2,"minecraft:mushroom_stew":2,"minecraft:cake":4,"minecraft:calcite":4},"minecraft:crafted":{"minecraft:wooden_sword":1,"minecraft:crafting_table":2,"minecraft:spruce_planks":24,"minecraft:stick":4,"born_in_chaos_v1:smoked_flesh":1,"minecraft:wooden_pickaxe":1,"minecraft:cooked_chicken":1,"minecraft:chest":1,"minecraft:cooked_mutton":2,"minecraft:bread":3,"minecraft:air":0},"minecraft:killed":{"minecraft:sheep":3,"minecraft:cow":1,"born_in_chaos_v1:maggot":2},"minecraft:custom":{"minecraft:time_since_rest":3384,"minecraft:interact_with_furnace":11,"minecraft:sprint_one_cm":220655,"minecraft:damage_taken":2315,"minecraft:walk_one_cm":343142,"minecraft:mob_kills":6,"minecraft:drop":39,"minecraft:damage_dealt":738,"minecraft:interact_with_crafting_table":7,"minecraft:fly_one_cm":208912,"minecraft:open_barrel":16,"minecraft:open_chest":5,"minecraft:crouch_one_cm":2538,"minecraft:play_time":49235,"minecraft:deaths":4,"minecraft:sneak_time":381,"minecraft:walk_under_water_one_cm":2329,"minecraft:jump":1000,"minecraft:eat_cake_slice":4,"minecraft:interact_with_blast_furnace":4,"minecraft:leave_game":3,"minecraft:time_since_death":3166,"minecraft:walk_on_water_one_cm":6867,"minecraft:total_world_time":49235,"minecraft:interact_with_smoker":6,"minecraft:climb_one_cm":1368,"minecraft:fall_one_cm":22440},"minecraft:mined":{"minecraft:wheat":9,"biomesoplenty:wildflower":1,"minecraft:spruce_log":2,"minecraft:stripped_spruce_log":5,"minecraft:dark_oak_stairs":1,"minecraft:grass":2,"minecraft:acacia_log":1,"minecraft:calcite":4,"minecraft:grass_block":6,"minecraft:coal_ore":1,"minecraft:dirt":14,"minecraft:cyan_bed":2,"minecraft:spawner":1},"minecraft:dropped":{"born_in_chaos_v1:monster_flesh":1,"born_in_chaos_v1:monster_skin":1,"minecraft:dark_oak_sign":2,"minecraft:carrot":8,"iceandfire:dragonbone":27},"minecraft:picked_up":{"iceandfire:dragon_skull_lightning":1,"minecraft:wheat":9,"iceandfire:dragonbone":27,"born_in_chaos_v1:monster_flesh":1,"minecraft:stripped_spruce_log":4,"minecraft:spruce_log":2,"minecraft:cyan_bed":2,"minecraft:dirt":21,"born_in_chaos_v1:monster_skin":1,"minecraft:wheat_seeds":24,"minecraft:beef":2,"minecraft:dark_oak_sign":3,"minecraft:calcite":4,"minecraft:bread":4,"minecraft:black_wool":1,"minecraft:mutton":4,"minecraft:coal":1,"minecraft:white_wool":2}},"DataVersion":3465}