{"stats":{"minecraft:crafted":{"minecraft:wooden_sword":1,"minecraft:crafting_table":1,"minecraft:spruce_planks":8,"minecraft:stick":4,"minecraft:wooden_pickaxe":1,"minecraft:cooked_chicken":1,"minecraft:chest":1},"minecraft:mined":{"minecraft:wheat":9,"minecraft:spruce_log":2,"minecraft:grass":1,"minecraft:acacia_log":1,"minecraft:grass_block":5,"minecraft:dirt":12},"minecraft:dropped":{"born_in_chaos_v1:monster_flesh":1,"born_in_chaos_v1:monster_skin":1,"iceandfire:dragonbone":27},"minecraft:killed":{"minecraft:sheep":2,"minecraft:cow":1},"minecraft:used":{"minecraft:wheat_seeds":9,"minecraft:bread":4,"minecraft:chest":1,"minecraft:cooked_chicken":1,"minecraft:wooden_sword":11,"minecraft:dirt":18,"minecraft:mutton":2,"minecraft:beef":1,"minecraft:crafting_table":1},"minecraft:custom":{"minecraft:time_since_rest":22656,"minecraft:interact_with_furnace":8,"minecraft:sprint_one_cm":68756,"minecraft:damage_taken":410,"minecraft:walk_one_cm":163618,"minecraft:mob_kills":3,"minecraft:drop":29,"minecraft:damage_dealt":324,"minecraft:interact_with_crafting_table":4,"minecraft:fly_one_cm":73208,"minecraft:open_barrel":1,"minecraft:open_chest":1,"minecraft:crouch_one_cm":1636,"minecraft:play_time":22656,"minecraft:sneak_time":212,"minecraft:jump":538,"minecraft:leave_game":1,"minecraft:time_since_death":22656,"minecraft:interact_with_smoker":2,"minecraft:total_world_time":22656,"minecraft:fall_one_cm":10642},"minecraft:picked_up":{"iceandfire:dragon_skull_lightning":1,"iceandfire:dragonbone":27,"minecraft:wheat":9,"born_in_chaos_v1:monster_flesh":1,"minecraft:spruce_log":2,"minecraft:dirt":18,"born_in_chaos_v1:monster_skin":1,"minecraft:wheat_seeds":24,"minecraft:beef":2,"minecraft:bread":4,"minecraft:black_wool":1,"minecraft:mutton":2,"minecraft:white_wool":1}},"DataVersion":3465}