{"stats":{"minecraft:crafted":{"minecraft:crafting_table":1,"minecraft:spruce_planks":8,"minecraft:stick":4,"minecraft:cooked_chicken":1},"minecraft:mined":{"minecraft:grass":1,"minecraft:grass_block":4,"minecraft:dirt":9,"minecraft:spruce_log":2},"minecraft:dropped":{"born_in_chaos_v1:monster_flesh":1,"born_in_chaos_v1:monster_skin":1},"minecraft:used":{"minecraft:cooked_chicken":1,"minecraft:dirt":12},"minecraft:picked_up":{"born_in_chaos_v1:monster_skin":1,"born_in_chaos_v1:monster_flesh":1,"minecraft:spruce_log":2,"minecraft:dirt":13},"minecraft:custom":{"minecraft:time_since_rest":10656,"minecraft:sprint_one_cm":15090,"minecraft:crouch_one_cm":1636,"minecraft:interact_with_furnace":2,"minecraft:play_time":10656,"minecraft:damage_taken":260,"minecraft:walk_one_cm":44559,"minecraft:sneak_time":210,"minecraft:drop":2,"minecraft:jump":200,"minecraft:leave_game":1,"minecraft:time_since_death":10656,"minecraft:total_world_time":10656,"minecraft:fall_one_cm":4881,"minecraft:fly_one_cm":13200}},"DataVersion":3465}